state,year,month,year_month,dengueCases,zikaCases,chikvCases,pop_tot,dengueIncidence,zikaIncidence,chikvIncidence
AC,2016,1,2016-01-01,343,103,12,816687,41.998954311749785,12.61193088661874,1.4693511712565523
AC,2016,2,2016-02-01,761,357,10,816687,93.18135344385303,43.71319734488243,1.2244593093804603
AC,2016,3,2016-03-01,330,489,37,816687,40.407157209555194,59.8760602287045,4.530499444707703
AC,2016,4,2016-04-01,266,305,29,816687,32.57061762952024,37.34600893610404,3.550931997203335
AC,2016,5,2016-05-01,82,93,1,816687,10.040566336919774,11.387471577238282,0.12244593093804602
AC,2016,6,2016-06-01,61,56,1,816687,7.469201787220808,6.8569721325305775,0.12244593093804602
AC,2016,7,2016-07-01,71,16,0,816687,8.693661096601268,1.9591348950087364,0
AC,2016,8,2016-08-01,41,21,2,816687,5.020283168459887,2.5713645496989668,0.24489186187609205
AC,2016,9,2016-09-01,38,13,1,816687,4.652945375645749,1.5917971021945982,0.12244593093804602
AC,2016,10,2016-10-01,49,17,2,816687,5.999850615964256,2.0815808259467823,0.24489186187609205
AC,2016,11,2016-11-01,58,36,1,816687,7.10186399440667,4.408053513769657,0.12244593093804602
AC,2016,12,2016-12-01,95,17,2,816687,11.632363439114373,2.0815808259467823,0.24489186187609205
AC,2017,1,2017-01-01,282,46,3,829619,33.99150694475416,5.544713898789685,0.36161177600802297
AC,2017,2,2017-02-01,250,52,4,829619,30.134314667335246,6.267937450805731,0.4821490346773639
AC,2017,3,2017-03-01,197,52,1,829619,23.745839957860174,6.267937450805731,0.12053725866934098
AC,2017,4,2017-04-01,173,42,1,829619,20.85294574979599,5.062564864112321,0.12053725866934098
AC,2017,5,2017-05-01,89,17,6,829619,10.727816021571348,2.049133397378797,0.7232235520160459
AC,2017,6,2017-06-01,59,16,7,829619,7.111698261491118,1.9285961387094557,0.8437608106853869
AC,2017,7,2017-07-01,64,5,5,829619,7.714384554837823,0.602686293346705,0.602686293346705
AC,2017,8,2017-08-01,43,6,4,829619,5.183102122781662,0.7232235520160459,0.4821490346773639
AC,2017,9,2017-09-01,48,7,2,829619,5.7857884161283675,0.8437608106853869,0.24107451733868196
AC,2017,10,2017-10-01,103,18,6,829619,12.415337642942122,2.1696706560481376,0.7232235520160459
AC,2017,11,2017-11-01,182,17,8,829619,21.93778107782006,2.049133397378797,0.9642980693547278
AC,2017,12,2017-12-01,371,15,4,829619,44.71932296632551,1.808058880040115,0.4821490346773639
AC,2018,1,2018-01-01,480,14,12,869265,55.21906438197788,1.6105560444743547,1.380476609549447
AC,2018,2,2018-02-01,411,23,6,869265,47.28132387706856,2.64591350163644,0.6902383047747235
AC,2018,3,2018-03-01,433,18,7,869265,49.81219766124254,2.0707149143241708,0.8052780222371774
AC,2018,4,2018-04-01,290,14,8,869265,33.361518064111635,1.6105560444743547,0.9203177396996313
AC,2018,5,2018-05-01,279,27,2,869265,32.09608117202464,3.1060723714862557,0.23007943492490782
AC,2018,6,2018-06-01,237,21,7,869265,27.264413038601578,2.415834066711532,0.8052780222371774
AC,2018,7,2018-07-01,186,23,8,869265,21.397387448016428,2.64591350163644,0.9203177396996313
AC,2018,8,2018-08-01,181,30,19,869265,20.822188860704156,3.4511915238736175,2.185754631786624
AC,2018,9,2018-09-01,517,30,11,869265,59.475533928088666,3.4511915238736175,1.265436892086993
AC,2018,10,2018-10-01,997,64,20,869265,114.69459831006654,7.36254191759705,2.3007943492490783
AC,2018,11,2018-11-01,1732,43,10,869265,199.24879064497017,4.9467078508855185,1.1503971746245392
AC,2018,12,2018-12-01,1513,48,5,869265,174.05509252069277,5.521906438197788,0.5751985873122696
AC,2019,1,2019-01-01,1581,63,5,881935,179.26491181322885,7.143383582690334,0.5669352049754233
AC,2019,2,2019-02-01,1277,44,0,881935,144.79525135072313,4.989029803783725,0
AC,2019,3,2019-03-01,979,12,1,881935,111.0059131341879,1.360644491941016,0.11338704099508468
AC,2019,4,2019-04-01,461,4,0,881935,52.27142589873403,0.4535481639803387,0
AC,2019,5,2019-05-01,302,1,0,881935,34.24288638051557,0.11338704099508468,0
AC,2019,6,2019-06-01,202,2,0,881935,22.904182281007103,0.22677408199016935,0
AC,2019,7,2019-07-01,123,7,0,881935,13.946606042395416,0.7937092869655927,0
AC,2019,8,2019-08-01,194,2,0,881935,21.997085953046426,0.22677408199016935,0
AC,2019,9,2019-09-01,137,2,0,881935,15.5340246163266,0.22677408199016935,0
AC,2019,10,2019-10-01,507,1,0,881935,57.487229784507925,0.11338704099508468,0
AC,2019,11,2019-11-01,2283,3,0,881935,258.8626145917783,0.340161122985254,0
AC,2019,12,2019-12-01,1997,8,0,881935,226.4339208671841,0.9070963279606774,0
AC,2020,1,2020-01-01,2297,9,1,894470,256.8001162699699,1.0061824320547363,0.11179804800608181
AC,2020,2,2020-02-01,1228,16,9,894470,137.28800295146846,1.788768768097309,1.0061824320547363
AC,2020,3,2020-03-01,401,14,8,894470,44.831017250438805,1.5651726720851455,0.8943843840486545
AC,2020,4,2020-04-01,197,12,3,894470,22.024215457198117,1.3415765760729819,0.33539414401824547
AC,2020,5,2020-05-01,683,37,10,894470,76.35806678815388,4.136527776225027,1.1179804800608182
AC,2020,6,2020-06-01,306,46,6,894470,34.210202689861035,5.142710208279763,0.6707882880364909
AC,2020,7,2020-07-01,148,39,1,894470,16.54611110490011,4.360123872237191,0.11179804800608181
AC,2020,8,2020-08-01,138,9,3,894470,15.428130624839289,1.0061824320547363,0.33539414401824547
AC,2020,9,2020-09-01,101,20,1,894470,11.291602848614263,2.2359609601216364,0.11179804800608181
AC,2020,10,2020-10-01,178,16,4,894470,19.900052545082563,1.788768768097309,0.44719219202432725
AC,2020,11,2020-11-01,592,23,9,894470,66.18444441960044,2.5713551041398817,1.0061824320547363
AC,2020,12,2020-12-01,1288,60,34,894470,143.9958858318334,6.7078828803649095,3.8011336322067817
AC,2021,1,2021-01-01,4547,118,41,906876,501.3915904710236,13.011701710046356,4.52101500094831
AC,2021,2,2021-02-01,4129,65,30,906876,455.2992911930628,7.167462806381468,3.3080597567914465
AC,2021,3,2021-03-01,2675,56,122,906876,294.9686616472373,6.175044879344034,13.452776344285216
AC,2021,4,2021-04-01,874,68,16,906876,96.37480758119081,7.498268782060613,1.7642985369554383
AC,2021,5,2021-05-01,511,68,8,906876,56.347284524014306,7.498268782060613,0.8821492684777191
AC,2021,6,2021-06-01,158,52,11,906876,17.422448052434955,5.733970245105174,1.2129552441568638
AC,2021,7,2021-07-01,127,53,21,906876,14.004119637083793,5.844238903664889,2.3156418297540124
AC,2021,8,2021-08-01,97,44,4,906876,10.696059880292344,4.851820976627455,0.44107463423885956
AC,2021,9,2021-09-01,144,26,2,906876,15.878686832598943,2.866985122552587,0.22053731711942978
AC,2021,10,2021-10-01,329,37,10,906876,36.2783886661462,4.079940366709451,1.102686585597149
AC,2021,11,2021-11-01,389,29,35,906876,42.894508179729094,3.197791098231732,3.859403049590021
AC,2021,12,2021-12-01,860,1,0,906876,94.8310463613548,0.11026865855971489,0
AC,2022,1,2022-01-01,558,7,2,906876,61.529911476320905,0.7718806099180042,0.22053731711942978
AC,2022,2,2022-02-01,484,1,2,906876,53.37003074290201,0.11026865855971489,0.22053731711942978
AC,2022,3,2022-03-01,491,9,8,906876,54.14191135282001,0.9924179270374339,0.8821492684777191
AC,2022,4,2022-04-01,410,7,7,906876,45.21015000948311,0.7718806099180042,0.7718806099180042
AC,2022,5,2022-05-01,318,7,6,906876,35.06543342198933,0.7718806099180042,0.6616119513582893
AC,2022,6,2022-06-01,160,10,9,906876,17.642985369554385,1.102686585597149,0.9924179270374339
AC,2022,7,2022-07-01,166,10,18,906876,18.30459732091267,1.102686585597149,1.9848358540748678
AC,2022,8,2022-08-01,77,11,0,906876,8.490686709098046,1.2129552441568638,0
AC,2022,9,2022-09-01,52,5,0,906876,5.733970245105174,0.5513432927985745,0
AC,2022,10,2022-10-01,133,5,0,906876,14.66573158844208,0.5513432927985745,0
AC,2022,11,2022-11-01,206,8,1,906876,22.715343663301265,0.8821492684777191,0.11026865855971489
AC,2022,12,2022-12-01,349,17,1,906876,38.483761837340495,1.8745671955151533,0.11026865855971489
AC,2023,1,2023-01-01,550,20,0,906876,60.647762207843186,2.205373171194298,0
AC,2023,2,2023-02-01,780,27,4,906876,86.00955367657761,2.977253781112302,0.44107463423885956
AC,2023,3,2023-03-01,990,393,3,906876,109.16597197411775,43.33558281396795,0.33080597567914466
AC,2023,4,2023-04-01,916,100,6,906876,101.00609124069884,11.02686585597149,0.6616119513582893
AC,2023,5,2023-05-01,419,73,4,906876,46.20256793652054,8.049612074859187,0.44107463423885956
AC,2023,6,2023-06-01,184,10,2,906876,20.28943317498754,1.102686585597149,0.22053731711942978
AC,2023,7,2023-07-01,165,26,2,906876,18.19432866235296,2.866985122552587,0.22053731711942978
AC,2023,8,2023-08-01,130,20,3,906876,14.334925612762936,2.205373171194298,0.33080597567914466
AC,2023,9,2023-09-01,165,15,0,906876,18.19432866235296,1.6540298783957232,0
AC,2023,10,2023-10-01,232,65,0,906876,25.582328785853857,7.167462806381468,0
AC,2023,11,2023-11-01,684,43,2,906876,75.42376245484498,4.741552318067741,0.22053731711942978
AC,2023,12,2023-12-01,1926,106,14,906876,212.37743638601088,11.688477807329779,1.5437612198360084
AC,2024,1,2024-01-01,1925,98,103,880631,218.59325869745672,11.12838407914325,11.696158777058722
AC,2024,2,2024-02-01,747,131,26,880631,84.82553986857151,14.875697085385365,2.9524284291604546
AC,2024,3,2024-03-01,528,88,32,880631,59.957008099873846,9.992834683312307,3.6337580666590203
AC,2024,4,2024-04-01,332,125,22,880631,37.70023994158734,14.1943674478868,2.4982086708280766
AC,2024,5,2024-05-01,184,66,12,880631,20.89410888328937,7.494626012484231,1.3626592749971327
AC,2024,6,2024-06-01,127,65,33,880631,14.421477327052987,7.381071072901135,3.7473130062421154
AC,2024,7,2024-07-01,77,44,41,880631,8.74373034789827,4.996417341656153,4.65575252290687
AC,2024,8,2024-08-01,109,59,19,880631,12.37748841455729,6.6997414354025695,2.1575438520787937
AC,2024,9,2024-09-01,107,35,16,880631,12.1503785353911,3.974422885408304,1.8168790333295102
AC,2024,10,2024-10-01,276,63,7,880631,31.341163324934055,7.153961193734947,0.7948845770816608
AC,2024,11,2024-11-01,666,55,0,880631,75.62758976234088,6.245521677070192,0
AC,2024,12,2024-12-01,1244,110,6,880631,141.2623448413694,12.491043354140384,0.6813296374985663
AC,2025,1,2025-01-01,2073,148,22,884372,234.40362200521952,16.73503910119271,2.487640947474592
AC,2025,2,2025-02-01,2549,460,0,884372,288.227126141488,52.014310719923294,0
AC,2025,3,2025-03-01,1974,325,0,884372,223.20923774158388,36.74924126951102,0
AC,2025,4,2025-04-01,927,48,0,884372,104.82014355949758,5.427580249035474,0
AC,2025,5,2025-05-01,315,26,0,884372,35.6184953842953,2.939939301560882,0
AC,2025,6,2025-06-01,0,34,0,884372,0,3.8445360097334604,0
AC,2025,7,2025-07-01,0,45,0,884372,0,5.088356483470756,0
AC,2025,8,2025-08-01,0,30,0,884372,0,3.3922376556471714,0
AC,2025,9,2025-09-01,0,35,0,884372,0,3.9576105982550325,0
AC,2025,10,2025-10-01,0,39,0,884372,0,4.409908952341323,0
AC,2025,11,2025-11-01,0,27,0,884372,0,3.053013890082454,0
AC,2025,12,2025-12-01,0,37,0,884372,0,4.183759775298178,0
AL,2016,1,2016-01-01,3339,84,92,3358963,99.4056796695885,2.5007718155871324,2.7389405599287637
AL,2016,2,2016-02-01,3377,676,255,3358963,100.53698120521125,20.125258896867873,7.591628725889508
AL,2016,3,2016-03-01,3317,1983,362,3358963,98.75071562264901,59.03607750368194,10.777135681458832
AL,2016,4,2016-04-01,3584,1852,303,3358963,106.69959746505097,55.13606431508773,9.020641191939298
AL,2016,5,2016-05-01,1933,1593,219,3358963,57.54752285154674,47.4253512170274,6.519869376352165
AL,2016,6,2016-06-01,1287,1015,261,3358963,38.315396745959994,30.217659438344512,7.7702552841457315
AL,2016,7,2016-07-01,1111,569,233,3358963,33.075684370444094,16.93975194129855,6.936664678950021
AL,2016,8,2016-08-01,521,223,128,3358963,15.510739475248759,6.638953748522981,3.810699909466106
AL,2016,9,2016-09-01,390,62,71,3358963,11.610726286654542,1.8458077686476453,2.1137476060319806
AL,2016,10,2016-10-01,270,54,31,3358963,8.038195121530068,1.6076390243060137,0.9229038843238226
AL,2016,11,2016-11-01,148,20,38,3358963,4.406121770320185,0.5954218608540791,1.1313015356227503
AL,2016,12,2016-12-01,177,27,12,3358963,5.2694834685586,0.8038195121530068,0.35725311651244746
AL,2017,1,2017-01-01,152,24,7,3375823,4.502605734957076,0.7109377476248014,0.20735684305723376
AL,2017,2,2017-02-01,137,26,6,3375823,4.058269642691575,0.7701825599268681,0.17773443690620036
AL,2017,3,2017-03-01,184,36,10,3375823,5.450522731790144,1.066406621437202,0.2962240615103339
AL,2017,4,2017-04-01,387,35,4,3375823,11.463871180449923,1.0367842152861688,0.11848962460413356
AL,2017,5,2017-05-01,409,21,11,3375823,12.115564115772658,0.6220705291717012,0.3258464676613673
AL,2017,6,2017-06-01,525,22,17,3375823,15.551763229292531,0.6516929353227346,0.5035809045675678
AL,2017,7,2017-07-01,370,34,27,3375823,10.960290275882354,1.0071618091351355,0.7998049660779016
AL,2017,8,2017-08-01,207,38,29,3375823,6.131838073263912,1.125651433739269,0.8590497783799683
AL,2017,9,2017-09-01,192,21,26,3375823,5.6875019809984115,0.6220705291717012,0.7701825599268681
AL,2017,10,2017-10-01,127,39,28,3375823,3.762045581181241,1.1552738398903024,0.829427372228935
AL,2017,11,2017-11-01,128,38,15,3375823,3.791667987332274,1.125651433739269,0.4443360922655009
AL,2017,12,2017-12-01,119,29,12,3375823,3.525066331972974,0.8590497783799683,0.3554688738124007
AL,2018,1,2018-01-01,150,21,16,3322820,4.514237906356649,0.6319933068899308,0.48151871001137586
AL,2018,2,2018-02-01,132,18,10,3322820,3.972529357593851,0.541708548762798,0.30094919375710993
AL,2018,3,2018-03-01,150,31,42,3322820,4.514237906356649,0.9329425006470408,1.2639866137798617
AL,2018,4,2018-04-01,177,31,126,3322820,5.326800729500845,0.9329425006470408,3.791959841339585
AL,2018,5,2018-05-01,277,41,21,3322820,8.336292667071945,1.2338916944041507,0.6319933068899308
AL,2018,6,2018-06-01,321,55,47,3322820,9.660469119603228,1.6552205656641046,1.4144612106584167
AL,2018,7,2018-07-01,209,54,27,3322820,6.2898381495235975,1.6251256462883936,0.8125628231441968
AL,2018,8,2018-08-01,186,62,30,3322820,5.597655003882244,1.8658850012940815,0.9028475812713298
AL,2018,9,2018-09-01,178,37,26,3322820,5.356895648876557,1.1135120169013066,0.7824679037684857
AL,2018,10,2018-10-01,130,40,32,3322820,3.912339518842429,1.2037967750284397,0.9630374200227517
AL,2018,11,2018-11-01,138,24,63,3322820,4.1530988738481165,0.7222780650170638,1.8959799206697925
AL,2018,12,2018-12-01,162,32,83,3322820,4.87537693886518,0.9630374200227517,2.497878308184012
AL,2019,1,2019-01-01,290,29,83,3337357,8.689510891402987,0.8689510891402987,2.486997944780855
AL,2019,2,2019-02-01,502,42,38,3337357,15.04184299132517,1.2584808877204328,1.1386255650803914
AL,2019,3,2019-03-01,930,60,43,3337357,27.86636251380958,1.797829839600618,1.288444718380443
AL,2019,4,2019-04-01,1524,120,130,3337357,45.6648779258557,3.595659679201236,3.8952979858013395
AL,2019,5,2019-05-01,3232,232,216,3337357,96.8431006931533,6.95160871312239,6.472187422562225
AL,2019,6,2019-06-01,4334,214,108,3337357,129.86324208048467,6.412259761242204,3.2360937112811126
AL,2019,7,2019-07-01,3760,306,104,3337357,112.66400328163873,9.168932181963152,3.1162383886410714
AL,2019,8,2019-08-01,3173,147,46,3337357,95.07523468421269,4.404683107021515,1.378336210360474
AL,2019,9,2019-09-01,1255,101,32,3337357,37.60460747831293,3.0263468966610407,0.9588425811203297
AL,2019,10,2019-10-01,1005,53,35,3337357,30.113649813310353,1.588083024980546,1.0487340731003605
AL,2019,11,2019-11-01,779,23,14,3337357,23.341824084148023,0.689168105180237,0.4194936292401442
AL,2019,12,2019-12-01,250,10,14,3337357,7.4909576650025755,0.299638306600103,0.4194936292401442
AL,2020,1,2020-01-01,174,15,10,3351543,5.191638597505686,0.44755505150911085,0.29837003433940723
AL,2020,2,2020-02-01,202,14,6,3351543,6.027074693656026,0.4177180480751702,0.17902202060364433
AL,2020,3,2020-03-01,129,14,5,3351543,3.848973442978353,0.4177180480751702,0.14918501716970362
AL,2020,4,2020-04-01,244,18,10,3351543,7.280228837881538,0.5370660618109331,0.29837003433940723
AL,2020,5,2020-05-01,399,13,12,3351543,11.90496437014235,0.3878810446412294,0.35804404120728867
AL,2020,6,2020-06-01,317,28,14,3351543,9.45833008855921,0.8354360961503404,0.4177180480751702
AL,2020,7,2020-07-01,314,64,33,3351543,9.368819078257388,1.9095682197722066,0.984621113320044
AL,2020,8,2020-08-01,213,46,39,3351543,6.355281731429375,1.3725021579612733,1.1636431339236883
AL,2020,9,2020-09-01,124,23,17,3351543,3.6997884258086495,0.6862510789806366,0.5072290583769923
AL,2020,10,2020-10-01,139,15,8,3351543,4.147343477317761,0.44755505150911085,0.23869602747152582
AL,2020,11,2020-11-01,81,14,9,3351543,2.4167972781491986,0.4177180480751702,0.26853303090546654
AL,2020,12,2020-12-01,79,9,26,3351543,2.3571232712813175,0.26853303090546654,0.7757620892824588
AL,2021,1,2021-01-01,50,8,15,3365351,1.4857291260257846,0.23771666016412554,0.44571873780773535
AL,2021,2,2021-02-01,43,10,20,3365351,1.2777270483821748,0.2971458252051569,0.5942916504103138
AL,2021,3,2021-03-01,64,4,63,3365351,1.9017332813130043,0.11885833008206277,1.8720186987924887
AL,2021,4,2021-04-01,87,8,11,3365351,2.585168679284865,0.23771666016412554,0.3268604077256726
AL,2021,5,2021-05-01,244,15,13,3365351,7.250358135005828,0.44571873780773535,0.38628957276670395
AL,2021,6,2021-06-01,642,67,21,3365351,19.076761978171074,1.9908770288745512,0.6240062329308296
AL,2021,7,2021-07-01,1668,77,134,3365351,49.563923644220175,2.288022854079708,3.9817540577491024
AL,2021,8,2021-08-01,1394,74,155,3365351,41.422128033598874,2.198879106518161,4.605760290679932
AL,2021,9,2021-09-01,1172,61,77,3365351,34.82549071404439,1.812589533751457,2.288022854079708
AL,2021,10,2021-10-01,1137,39,30,3365351,33.78548032582634,1.158868718300112,0.8914374756154707
AL,2021,11,2021-11-01,572,44,39,3365351,16.996741201734974,1.3074416309026904,1.158868718300112
AL,2021,12,2021-12-01,503,39,16,3365351,14.946435007819392,1.158868718300112,0.4754333203282511
AL,2022,1,2022-01-01,183,25,17,3365351,5.437768601254371,0.7428645630128923,0.5051479028487668
AL,2022,2,2022-02-01,372,116,30,3365351,11.053824697631837,3.4468915723798204,0.8914374756154707
AL,2022,3,2022-03-01,567,19,60,3365351,16.8481682891324,0.5645770678897981,1.7828749512309414
AL,2022,4,2022-04-01,2672,77,237,3365351,79.39736449481794,2.288022854079708,7.042356057362219
AL,2022,5,2022-05-01,7296,239,482,3365351,216.79759406968248,7.10178522240325,14.322428774888563
AL,2022,6,2022-06-01,8640,305,323,3365351,256.7339929772555,9.062947668757285,9.597810154126568
AL,2022,7,2022-07-01,6951,277,124,3365351,206.54606310010456,8.230939358182846,3.6846082325439453
AL,2022,8,2022-08-01,3473,123,92,3365351,103.198745093751,3.6548936500234297,2.7337415918874433
AL,2022,9,2022-09-01,1776,54,25,3365351,52.77309855643587,1.6045874561078475,0.7428645630128923
AL,2022,10,2022-10-01,1028,25,27,3365351,30.546590831090132,0.7428645630128923,0.8022937280539237
AL,2022,11,2022-11-01,418,21,9,3365351,12.420695493575558,0.6240062329308296,0.2674312426846412
AL,2022,12,2022-12-01,271,7,5,3365351,8.052651863059753,0.20800207764360984,0.14857291260257846
AL,2023,1,2023-01-01,219,15,8,3365351,6.507493571992937,0.44571873780773535,0.23771666016412554
AL,2023,2,2023-02-01,227,10,4,3365351,6.745210232157062,0.2971458252051569,0.11885833008206277
AL,2023,3,2023-03-01,347,14,23,3365351,10.310960134618945,0.4160041552872197,0.6834353979718608
AL,2023,4,2023-04-01,713,28,32,3365351,21.186497337127687,0.8320083105744394,0.9508666406565022
AL,2023,5,2023-05-01,520,13,19,3365351,15.45158291066816,0.38628957276670395,0.5645770678897981
AL,2023,6,2023-06-01,532,16,13,3365351,15.808157900914347,0.4754333203282511,0.38628957276670395
AL,2023,7,2023-07-01,605,25,11,3365351,17.977322424911993,0.7428645630128923,0.3268604077256726
AL,2023,8,2023-08-01,404,21,28,3365351,12.004691338288339,0.6240062329308296,0.8320083105744394
AL,2023,9,2023-09-01,389,19,10,3365351,11.558972600480603,0.5645770678897981,0.2971458252051569
AL,2023,10,2023-10-01,277,14,10,3365351,8.230939358182846,0.4160041552872197,0.2971458252051569
AL,2023,11,2023-11-01,279,12,10,3365351,8.290368523223878,0.3565749902461883,0.2971458252051569
AL,2023,12,2023-12-01,252,11,5,3365351,7.488074795169955,0.3268604077256726,0.14857291260257846
AL,2024,1,2024-01-01,235,11,6,3220104,7.297900937361029,0.34160387366370776,0.18632938563474968
AL,2024,2,2024-02-01,934,26,15,3220104,29.005274363809367,0.807427337750582,0.46582346408687425
AL,2024,3,2024-03-01,2580,28,36,3220104,80.12163582294237,0.8695371329621652,1.1179763138084982
AL,2024,4,2024-04-01,2051,31,37,3220104,63.693594989478605,0.9627018257795401,1.1490312114142898
AL,2024,5,2024-05-01,2218,27,52,3220104,68.8797628896458,0.8384822353563736,1.614854675501164
AL,2024,6,2024-06-01,3153,16,58,3220104,97.91609215106095,0.4968783616926658,1.8011840611359138
AL,2024,7,2024-07-01,2773,39,65,3220104,86.11523106086014,1.211141006625873,2.0185683443764546
AL,2024,8,2024-08-01,1962,19,41,3220104,60.929709102563145,0.5900430545100407,1.2732508018374562
AL,2024,9,2024-09-01,926,14,34,3220104,28.756835182963034,0.4347685664810826,1.055866518596915
AL,2024,10,2024-10-01,509,11,34,3220104,15.806942881347933,0.34160387366370776,1.055866518596915
AL,2024,11,2024-11-01,401,7,17,3220104,12.453013939922437,0.2173842832405413,0.5279332592984575
AL,2024,12,2024-12-01,207,3,8,3220104,6.428363804398864,0.09316469281737484,0.2484391808463329
AL,2025,1,2025-01-01,225,8,9,3220848,6.985737917467698,0.2483817926210737,0.2794295166987079
AL,2025,2,2025-02-01,305,4,0,3220848,9.469555843678435,0.12419089631053686,0
AL,2025,3,2025-03-01,485,9,0,3220848,15.058146177652592,0.2794295166987079,0
AL,2025,4,2025-04-01,524,11,0,3220848,16.269007416680328,0.3415249648539763,0
AL,2025,5,2025-05-01,113,5,0,3220848,3.508392820772666,0.15523862038817107,0
AL,2025,6,2025-06-01,0,9,0,3220848,0,0.2794295166987079,0
AL,2025,7,2025-07-01,0,18,0,3220848,0,0.5588590333974158,0
AL,2025,8,2025-08-01,0,26,0,3220848,0,0.8072408260184896,0
AL,2025,9,2025-09-01,0,33,0,3220848,0,1.024574894561929,0
AL,2025,10,2025-10-01,0,25,0,3220848,0,0.7761931019408553,0
AL,2025,11,2025-11-01,0,20,0,3220848,0,0.6209544815526843,0
AL,2025,12,2025-12-01,0,7,0,3220848,0,0.2173340685434395,0
AM,2016,1,2016-01-01,499,518,7,4001667,12.469803209512435,12.944605335726337,0.17492709913143697
AM,2016,2,2016-02-01,884,989,18,4001667,22.09079366174147,24.71470014871302,0.4498125406236951
AM,2016,3,2016-03-01,1124,1076,7,4001667,28.088294203390735,26.88879409506088,0.17492709913143697
AM,2016,4,2016-04-01,2031,1463,25,4001667,50.75384833370693,36.55976371847033,0.624739639755132
AM,2016,5,2016-05-01,895,1000,14,4001667,22.365679103233727,24.989585590205284,0.34985419826287395
AM,2016,6,2016-06-01,704,430,15,4001667,17.59266825550452,10.745521803788272,0.3748437838530792
AM,2016,7,2016-07-01,481,242,18,4001667,12.01999066888874,6.047479712829679,0.4498125406236951
AM,2016,8,2016-08-01,201,108,15,4001667,5.022906703631262,2.6988752437421706,0.3748437838530792
AM,2016,9,2016-09-01,149,44,6,4001667,3.7234482529405875,1.0995417659690325,0.1499375135412317
AM,2016,10,2016-10-01,199,37,8,4001667,4.972927532450851,0.9246146668375954,0.19991668472164223
AM,2016,11,2016-11-01,205,47,17,4001667,5.122865045992083,1.1745105227396482,0.4248229550334898
AM,2016,12,2016-12-01,214,81,37,4001667,5.34777131630393,2.024156432806628,0.9246146668375954
AM,2017,1,2017-01-01,464,124,23,4063614,11.418407358572935,3.0514709320324225,0.565998640618917
AM,2017,2,2017-02-01,656,120,26,4063614,16.14326557591346,2.9530363858378283,0.6398245502648627
AM,2017,3,2017-03-01,503,152,49,4063614,12.37814418397023,3.7405127553945823,1.2058231908837798
AM,2017,4,2017-04-01,647,78,41,4063614,15.921787846975624,1.9194736507945882,1.0089540984945913
AM,2017,5,2017-05-01,273,76,20,4063614,6.718157777781059,1.8702563776972911,0.4921727309729714
AM,2017,6,2017-06-01,196,36,0,4063614,4.823292763535119,0.8859109157513484,0
AM,2017,7,2017-07-01,228,28,3,4063614,5.610769133091874,0.6890418233621599,0.0738259096459457
AM,2017,8,2017-08-01,212,30,2,4063614,5.2170309483134965,0.7382590964594571,0.04921727309729714
AM,2017,9,2017-09-01,329,5,1,4063614,8.09624142450538,0.12304318274324284,0.02460863654864857
AM,2017,10,2017-10-01,130,10,1,4063614,3.1991227513243135,0.2460863654864857,0.02460863654864857
AM,2017,11,2017-11-01,130,20,0,4063614,3.1991227513243135,0.4921727309729714,0
AM,2017,12,2017-12-01,152,23,1,4063614,3.7405127553945823,0.565998640618917,0.02460863654864857
AM,2018,1,2018-01-01,245,40,1,3995258,6.132269805854841,1.0011869070783415,0.025029672676958534
AM,2018,2,2018-02-01,254,25,0,3995258,6.3575368599474675,0.6257418169239634,0
AM,2018,3,2018-03-01,391,67,0,3995258,9.786602016690788,1.6769880693562218,0
AM,2018,4,2018-04-01,299,84,0,3995258,7.483872130410602,2.1024925048645167,0
AM,2018,5,2018-05-01,205,72,0,3995258,5.1310828987765,1.8021364327410145,0
AM,2018,6,2018-06-01,207,46,1,3995258,5.181142244130417,1.1513649431400925,0.025029672676958534
AM,2018,7,2018-07-01,173,62,1,3995258,4.330133373113826,1.551839705971429,0.025029672676958534
AM,2018,8,2018-08-01,140,33,3,3995258,3.504154174774195,0.8259791983396316,0.0750890180308756
AM,2018,9,2018-09-01,159,18,1,3995258,3.9797179556364073,0.45053410818525363,0.025029672676958534
AM,2018,10,2018-10-01,104,12,1,3995258,2.6030859584036876,0.3003560721235024,0.025029672676958534
AM,2018,11,2018-11-01,98,11,1,3995258,2.4529079223419363,0.27532639944654386,0.025029672676958534
AM,2018,12,2018-12-01,87,8,0,3995258,2.1775815228953923,0.20023738141566827,0
AM,2019,1,2019-01-01,213,6,0,4071080,5.232026882301502,0.1473810389380705,0
AM,2019,2,2019-02-01,210,12,1,4071080,5.158336362832467,0.294762077876141,0.02456350648967841
AM,2019,3,2019-03-01,176,24,1,4071080,4.323177142183401,0.589524155752282,0.02456350648967841
AM,2019,4,2019-04-01,127,18,0,4071080,3.1195653241891583,0.4421431168142114,0
AM,2019,5,2019-05-01,112,16,6,4071080,2.7511127268439823,0.3930161038348546,0.1473810389380705
AM,2019,6,2019-06-01,115,19,0,4071080,2.8248032463130177,0.46670662330388984,0
AM,2019,7,2019-07-01,55,12,2,4071080,1.3509928569323129,0.294762077876141,0.04912701297935682
AM,2019,8,2019-08-01,57,7,0,4071080,1.4001198699116697,0.1719445454277489,0
AM,2019,9,2019-09-01,102,4,0,4071080,2.5054776619471983,0.09825402595871364,0
AM,2019,10,2019-10-01,413,2,0,4071080,10.144728180237186,0.04912701297935682,0
AM,2019,11,2019-11-01,1109,1,0,4071080,27.240928697053363,0.02456350648967841,0
AM,2019,12,2019-12-01,1212,5,1,4071080,29.770969865490237,0.12281753244839207,0.02456350648967841
AM,2020,1,2020-01-01,1344,12,2,4132670,32.521348184103736,0.29036918021521196,0.04839486336920199
AM,2020,2,2020-02-01,975,20,4,4132670,23.59249589248597,0.4839486336920199,0.09678972673840398
AM,2020,3,2020-03-01,819,18,5,4132670,19.81769654968822,0.4355537703228179,0.12098715842300498
AM,2020,4,2020-04-01,382,1,4,4132670,9.2434189035175809,0.024197431684600996,0.09678972673840398
AM,2020,5,2020-05-01,424,4,0,4132670,10.259711034270824,0.09678972673840398,0
AM,2020,6,2020-06-01,267,15,1,4132670,6.460714259788466,0.36296147526901495,0.024197431684600996
AM,2020,7,2020-07-01,213,10,5,4132670,5.154052948820012,0.24197431684600995,0.12098715842300498
AM,2020,8,2020-08-01,206,9,3,4132670,4.984670927027805,0.21777688516140895,0.07259229505380299
AM,2020,9,2020-09-01,171,7,0,4132670,4.137760818066771,0.169382021792207,0
AM,2020,10,2020-10-01,390,7,1,4132670,9.436998356994389,0.169382021792207,0.024197431684600996
AM,2020,11,2020-11-01,344,12,0,4132670,8.323916499502742,0.29036918021521196,0
AM,2020,12,2020-12-01,553,24,7,4132670,13.38117972158435,0.5807383604304239,0.169382021792207
AM,2021,1,2021-01-01,683,20,5,3847707,17.750831859078666,0.5197900983624792,0.1299475245906198
AM,2021,2,2021-02-01,1136,15,6,3847707,29.524077586988824,0.38984257377185944,0.15593702950874377
AM,2021,3,2021-03-01,1441,12,12,3847707,37.45087658701663,0.31187405901748755,0.31187405901748755
AM,2021,4,2021-04-01,1235,28,19,3847707,32.0970385738831,0.727706137707471,0.4938005934443553
AM,2021,5,2021-05-01,1092,24,32,3847707,28.380539370591368,0.6237481180349751,0.8316641573799668
AM,2021,6,2021-06-01,633,19,40,3847707,16.45135661317247,0.4938005934443553,1.0395801967249585
AM,2021,7,2021-07-01,638,41,45,3847707,16.581304137763087,1.0655697016430825,1.1695277213155784
AM,2021,8,2021-08-01,315,21,24,3847707,8.186694049209049,0.5457796032806032,0.6237481180349751
AM,2021,9,2021-09-01,199,15,24,3847707,5.171911478706669,0.38984257377185944,0.6237481180349751
AM,2021,10,2021-10-01,208,14,14,3847707,5.405817022969784,0.3638530688537355,0.3638530688537355
AM,2021,11,2021-11-01,336,12,2,3847707,8.73247365248965,0.31187405901748755,0.051979009836247925
AM,2021,12,2021-12-01,391,7,5,3847707,10.16189642298647,0.18192653442686774,0.1299475245906198
AM,2022,1,2022-01-01,258,9,9,3847707,6.705292268875982,0.23390554426311566,0.23390554426311566
AM,2022,2,2022-02-01,405,22,17,3847707,10.525749491840205,0.5717691081987272,0.44182158360810736
AM,2022,3,2022-03-01,545,65,42,3847707,14.16428018037756,1.6893178196780576,1.0915592065612063
AM,2022,4,2022-04-01,531,89,83,3847707,13.800427111523826,2.3130659377130325,2.1571289082042893
AM,2022,5,2022-05-01,372,33,93,3847707,9.668095829542114,0.8576536622980908,2.4170239573855286
AM,2022,6,2022-06-01,251,21,33,3847707,6.523365734449115,0.5457796032806032,0.8576536622980908
AM,2022,7,2022-07-01,230,28,26,3847707,5.977586131168512,0.727706137707471,0.675727127871223
AM,2022,8,2022-08-01,154,20,16,3847707,4.00238375739109,0.5197900983624792,0.4158320786899834
AM,2022,9,2022-09-01,328,13,14,3847707,8.52455761314466,0.3378635639356115,0.3638530688537355
AM,2022,10,2022-10-01,1090,19,11,3847707,28.32856036075512,0.4938005934443553,0.2858845540993636
AM,2022,11,2022-11-01,595,20,16,3847707,15.46375542628376,0.5197900983624792,0.4158320786899834
AM,2022,12,2022-12-01,681,18,14,3847707,17.698852849242417,0.4678110885262313,0.3638530688537355
AM,2023,1,2023-01-01,761,36,12,3847707,19.77801324269234,0.9356221770524626,0.31187405901748755
AM,2023,2,2023-02-01,876,82,7,3847707,22.766806308276593,2.131139403286165,0.18192653442686774
AM,2023,3,2023-03-01,551,34,12,3847707,14.320217209886303,0.8836431672162147,0.31187405901748755
AM,2023,4,2023-04-01,651,63,55,3847707,16.9191677016987,1.6373388098418098,1.4294227704968179
AM,2023,5,2023-05-01,477,34,51,3847707,12.39699384594513,0.8836431672162147,1.3254647508243222
AM,2023,6,2023-06-01,297,25,56,3847707,7.7188829606828175,0.649737622953099,1.455412275414942
AM,2023,7,2023-07-01,481,26,46,3847707,12.500951865617626,0.675727127871223,1.1955172262337022
AM,2023,8,2023-08-01,245,22,55,3847707,6.367428704940371,0.5717691081987272,1.4294227704968179
AM,2023,9,2023-09-01,344,15,47,3847707,8.940389691834644,0.38984257377185944,1.2215067311518264
AM,2023,10,2023-10-01,266,9,12,3847707,6.913208308220975,0.23390554426311566,0.31187405901748755
AM,2023,11,2023-11-01,376,13,21,3847707,9.772053849214611,0.3378635639356115,0.5457796032806032
AM,2023,12,2023-12-01,1025,19,14,3847707,26.639242541077063,0.4938005934443553,0.3638530688537355
AM,2024,1,2024-01-01,1882,35,20,4281209,43.95954507243164,0.8175260773300252,0.46715775847430013
AM,2024,2,2024-02-01,1793,83,58,4281209,41.88069304722101,1.9387046976683455,1.3547574995754703
AM,2024,3,2024-03-01,1535,26,96,4281209,35.85435796290253,0.6073050860165902,2.2423572406766406
AM,2024,4,2024-04-01,643,54,109,4281209,15.019121934948748,1.2613259478806103,2.546009783684936
AM,2024,5,2024-05-01,348,12,19,4281209,8.128544997452822,0.28029465508458007,0.4437998705505851
AM,2024,6,2024-06-01,262,7,25,4281209,6.119766636013332,0.16350521546600505,0.5839471980928751
AM,2024,7,2024-07-01,270,19,13,4281209,6.306629739403052,0.4437998705505851,0.3036525430082951
AM,2024,8,2024-08-01,351,24,9,4281209,8.198618661223968,0.5605893101691601,0.21022099131343508
AM,2024,9,2024-09-01,335,25,13,4281209,7.8248924544445275,0.5839471980928751,0.3036525430082951
AM,2024,10,2024-10-01,312,22,5,4281209,7.2876610321990825,0.5138735343217302,0.11678943961857503
AM,2024,11,2024-11-01,518,15,13,4281209,12.099385944484373,0.3503683188557251,0.3036525430082951
AM,2024,12,2024-12-01,444,11,12,4281209,10.370902238129464,0.2569367671608651,0.28029465508458007
AM,2025,1,2025-01-01,664,22,7,4321616,15.364622863299283,0.5090688298081089,0.1619764458480346
AM,2025,2,2025-02-01,850,63,0,4321616,19.668568424404203,1.4577880126323115,0
AM,2025,3,2025-03-01,1313,49,0,4321616,30.382153342638496,1.1338351209362423,0
AM,2025,4,2025-04-01,1061,34,0,4321616,24.551001292109248,0.7867427369761681,0
AM,2025,5,2025-05-01,234,34,0,4321616,5.414641189777157,0.7867427369761681,0
AM,2025,6,2025-06-01,0,23,0,4321616,0,0.5322083220721138,0
AM,2025,7,2025-07-01,0,22,0,4321616,0,0.5090688298081089,0
AM,2025,8,2025-08-01,0,16,0,4321616,0,0.37023187622407916,0
AM,2025,9,2025-09-01,0,17,0,4321616,0,0.39337136848808407,0
AM,2025,10,2025-10-01,0,32,0,4321616,0,0.7404637524481583,0
AM,2025,11,2025-11-01,0,11,0,4321616,0,0.25453441490405443,0
AM,2025,12,2025-12-01,0,27,0,4321616,0,0.6247662911281335,0
AP,2016,1,2016-01-01,115,3,1,782295,14.700336829456917,0.38348704772496306,0.12782901590832102
AP,2016,2,2016-02-01,259,39,20,782295,33.10771512025514,4.98533162042452,2.5565803181664206
AP,2016,3,2016-03-01,378,76,32,782295,48.31936801334535,9.715005209032398,4.090528509066273
AP,2016,4,2016-04-01,355,90,12,782295,45.37930064745397,11.504611431748893,1.5339481908998522
AP,2016,5,2016-05-01,172,122,16,782295,21.986590736231218,15.595139940815166,2.0452642545331363
AP,2016,6,2016-06-01,83,163,13,782295,10.609808320390645,20.83612959305633,1.6617772068081735
AP,2016,7,2016-07-01,76,134,18,782295,9.715005209032398,17.129088131715015,2.3009222863497785
AP,2016,8,2016-08-01,90,190,27,782295,11.504611431748893,24.287513022580995,3.4513834295246677
AP,2016,9,2016-09-01,84,97,9,782295,10.737637336298967,12.39941454310714,1.1504611431748892
AP,2016,10,2016-10-01,104,66,22,782295,13.294217654465388,8.43671504994919,2.8122383499830628
AP,2016,11,2016-11-01,42,35,7,782295,5.368818668149483,4.474015556791236,0.8948031113582473
AP,2016,12,2016-12-01,57,20,5,782295,7.286253906774298,2.5565803181664206,0.6391450795416052
AP,2017,1,2017-01-01,131,14,6,797722,16.421760964345975,1.7549973549682722,0.7521417235578309
AP,2017,2,2017-02-01,190,6,6,797722,23.81782124599798,0.7521417235578309,0.7521417235578309
AP,2017,3,2017-03-01,180,23,18,797722,22.564251706734925,2.8832099403050186,2.256425170673493
AP,2017,4,2017-04-01,101,9,16,797722,12.66105234655682,1.1282125853367464,2.005711262820882
AP,2017,5,2017-05-01,99,15,28,797722,12.41033843870421,1.8803543088945773,3.5099947099365445
AP,2017,6,2017-06-01,48,6,43,797722,6.0171337884626475,0.7521417235578309,5.390349018831121
AP,2017,7,2017-07-01,39,4,22,797722,4.888921203125901,0.5014278157052205,2.757852986378713
AP,2017,8,2017-08-01,11,8,23,797722,1.3789264931893566,1.002855631410441,2.8832099403050186
AP,2017,9,2017-09-01,21,5,24,797722,2.632496032452408,0.6267847696315257,3.0085668942313237
AP,2017,10,2017-10-01,48,10,19,797722,6.0171337884626475,1.2535695392630515,2.381782124599798
AP,2017,11,2017-11-01,27,3,9,797722,3.384637756010239,0.37607086177891547,1.1282125853367464
AP,2017,12,2017-12-01,26,6,8,797722,3.259280802083934,0.7521417235578309,1.002855631410441
AP,2018,1,2018-01-01,56,8,14,829494,6.751103684897058,0.9644433835567225,1.6877759212242645
AP,2018,2,2018-02-01,82,14,20,829494,9.885544681456405,1.6877759212242645,2.4111084588918064
AP,2018,3,2018-03-01,147,8,15,829494,17.721647172854777,0.9644433835567225,1.8083313441688549
AP,2018,4,2018-04-01,137,7,31,829494,16.516092943408875,0.8438879606121322,3.7372181112822997
AP,2018,5,2018-05-01,59,9,24,829494,7.112769953730829,1.0849988065013128,2.8933301506701676
AP,2018,6,2018-06-01,44,4,16,829494,5.3044386095619735,0.48222169177836127,1.928886767113445
AP,2018,7,2018-07-01,35,9,10,829494,4.219439803060661,1.0849988065013128,1.2055542294459032
AP,2018,8,2018-08-01,57,10,27,829494,6.871659107841648,1.2055542294459032,3.2549964195039385
AP,2018,9,2018-09-01,42,9,12,829494,5.063327763672794,1.0849988065013128,1.4466650753350838
AP,2018,10,2018-10-01,58,19,12,829494,6.992214530786238,2.2905530359472164,1.4466650753350838
AP,2018,11,2018-11-01,23,19,5,829494,2.772774727725577,2.2905530359472164,0.6027771147229516
AP,2018,12,2018-12-01,24,9,9,829494,2.8933301506701676,1.0849988065013128,1.0849988065013128
AP,2019,1,2019-01-01,16,6,6,845731,1.891854502199872,0.709445438324952,0.709445438324952
AP,2019,2,2019-02-01,18,19,0,845731,2.128336314974856,2.2465772213623483,0
AP,2019,3,2019-03-01,41,25,0,845731,4.8478771618871725,2.9560226596873003,0
AP,2019,4,2019-04-01,26,29,0,845731,3.074263566074792,3.4289862852372677,0
AP,2019,5,2019-05-01,16,5,0,845731,1.891854502199872,0.59120453193746,0
AP,2019,6,2019-06-01,11,15,1,845731,1.300649970262412,1.7736135958123802,0.118240906387492
AP,2019,7,2019-07-01,12,3,0,845731,1.418890876649904,0.354722719162476,0
AP,2019,8,2019-08-01,16,1,0,845731,1.891854502199872,0.118240906387492,0
AP,2019,9,2019-09-01,9,1,0,845731,1.064168157487428,0.118240906387492,0
AP,2019,10,2019-10-01,11,4,0,845731,1.300649970262412,0.472963625549968,0
AP,2019,11,2019-11-01,14,7,0,845731,1.655372689424888,0.827686344712444,0
AP,2019,12,2019-12-01,3,6,0,845731,0.354722719162476,0.709445438324952,0
AP,2020,1,2020-01-01,9,6,5,861773,1.0443585491771035,0.6962390327847356,0.5801991939872797
AP,2020,2,2020-02-01,11,8,4,861773,1.2764382267720153,0.9283187103796475,0.46415935518982376
AP,2020,3,2020-03-01,4,3,3,861773,0.46415935518982376,0.3481195163923678,0.3481195163923678
AP,2020,4,2020-04-01,13,1,1,861773,1.5085179043669272,0.11603983879745594,0.11603983879745594
AP,2020,5,2020-05-01,7,0,0,861773,0.8122788715821916,0,0
AP,2020,6,2020-06-01,4,1,0,861773,0.46415935518982376,0.11603983879745594,0
AP,2020,7,2020-07-01,3,1,0,861773,0.3481195163923678,0.11603983879745594,0
AP,2020,8,2020-08-01,4,0,1,861773,0.46415935518982376,0,0.11603983879745594
AP,2020,9,2020-09-01,2,5,1,861773,0.23207967759491188,0.5801991939872797,0.11603983879745594
AP,2020,10,2020-10-01,3,2,2,861773,0.3481195163923678,0.23207967759491188,0.23207967759491188
AP,2020,11,2020-11-01,4,1,4,861773,0.46415935518982376,0.11603983879745594,0.46415935518982376
AP,2020,12,2020-12-01,3,3,2,861773,0.3481195163923678,0.3481195163923678,0.23207967759491188
AP,2021,1,2021-01-01,30,5,6,877613,3.4183632193233238,0.5697272032205539,0.6836726438646648
AP,2021,2,2021-02-01,13,6,4,877613,1.4812907283734402,0.6836726438646648,0.45578176257644315
AP,2021,3,2021-03-01,16,6,5,877613,1.8231270503057726,0.6836726438646648,0.5697272032205539
AP,2021,4,2021-04-01,20,4,7,877613,2.2789088128822157,0.45578176257644315,0.7976180845087755
AP,2021,5,2021-05-01,19,9,4,877613,2.164963372238105,1.025508965796997,0.45578176257644315
AP,2021,6,2021-06-01,16,7,9,877613,1.8231270503057726,0.7976180845087755,1.025508965796997
AP,2021,7,2021-07-01,23,13,8,877613,2.6207451348145483,1.4812907283734402,0.9115635251528863
AP,2021,8,2021-08-01,33,24,39,877613,3.7601995412556564,2.734690575458659,4.443872185120321
AP,2021,9,2021-09-01,46,21,7,877613,5.241490269629097,2.3928542535263264,0.7976180845087755
AP,2021,10,2021-10-01,26,10,2,877613,2.9625814567468804,1.1394544064411078,0.22789088128822158
AP,2021,11,2021-11-01,19,5,9,877613,2.164963372238105,0.5697272032205539,1.025508965796997
AP,2021,12,2021-12-01,19,4,16,877613,2.164963372238105,0.45578176257644315,1.8231270503057726
AP,2022,1,2022-01-01,22,5,6,877613,2.506799694170437,0.5697272032205539,0.6836726438646648
AP,2022,2,2022-02-01,32,7,8,877613,3.646254100611545,0.7976180845087755,0.9115635251528863
AP,2022,3,2022-03-01,27,21,6,877613,3.076526897390991,2.3928542535263264,0.6836726438646648
AP,2022,4,2022-04-01,35,26,12,877613,3.988090422543878,2.9625814567468804,1.3673452877293295
AP,2022,5,2022-05-01,25,26,21,877613,2.8486360161027697,2.9625814567468804,2.3928542535263264
AP,2022,6,2022-06-01,23,10,8,877613,2.6207451348145483,1.1394544064411078,0.9115635251528863
AP,2022,7,2022-07-01,25,4,5,877613,2.8486360161027697,0.45578176257644315,0.5697272032205539
AP,2022,8,2022-08-01,20,7,1,877613,2.2789088128822157,0.7976180845087755,0.11394544064411079
AP,2022,9,2022-09-01,25,6,1,877613,2.8486360161027697,0.6836726438646648,0.11394544064411079
AP,2022,10,2022-10-01,22,1,3,877613,2.506799694170437,0.11394544064411079,0.3418363219323324
AP,2022,11,2022-11-01,14,1,4,877613,1.595236169017551,0.11394544064411079,0.45578176257644315
AP,2022,12,2022-12-01,23,1,6,877613,2.6207451348145483,0.11394544064411079,0.6836726438646648
AP,2023,1,2023-01-01,61,2,6,877613,6.950671879290758,0.22789088128822158,0.6836726438646648
AP,2023,2,2023-02-01,71,1,0,877613,8.090126285731866,0.11394544064411079,0
AP,2023,3,2023-03-01,75,3,16,877613,8.54590804830831,0.3418363219323324,1.8231270503057726
AP,2023,4,2023-04-01,84,3,7,877613,9.571417014105306,0.3418363219323324,0.7976180845087755
AP,2023,5,2023-05-01,30,5,15,877613,3.4183632193233238,0.5697272032205539,1.7091816096616619
AP,2023,6,2023-06-01,73,10,7,877613,8.318017167020086,1.1394544064411078,0.7976180845087755
AP,2023,7,2023-07-01,103,5,7,877613,11.736380386343411,0.5697272032205539,0.7976180845087755
AP,2023,8,2023-08-01,209,7,11,877613,23.814597094619156,0.7976180845087755,1.2533998470852186
AP,2023,9,2023-09-01,286,3,8,877613,32.58839602421568,0.3418363219323324,0.9115635251528863
AP,2023,10,2023-10-01,86,5,15,877613,9.799307895393527,0.5697272032205539,1.7091816096616619
AP,2023,11,2023-11-01,76,18,9,877613,8.65985348895242,2.051017931593994,1.025508965796997
AP,2023,12,2023-12-01,75,11,5,877613,8.54590804830831,1.2533998470852186,0.5697272032205539
AP,2024,1,2024-01-01,712,23,66,802837,88.6854990489975,2.8648405591670536,8.2208468219576325
AP,2024,2,2024-02-01,1747,54,161,802837,217.60332421151492,6.726147399783518,20.053883914169376
AP,2024,3,2024-03-01,2330,44,155,802837,290.2208044721407,5.480564547971755,19.30653420308232
AP,2024,4,2024-04-01,1250,68,92,802837,155.69785647647032,8.469963392319986,11.459362236668214
AP,2024,5,2024-05-01,691,36,57,802837,86.0697750601928,4.484098266522345,7.099822255327046
AP,2024,6,2024-06-01,997,48,39,802837,124.18461032563273,5.97879768869646,4.857773122065874
AP,2024,7,2024-07-01,1029,44,33,802837,128.17047545143038,5.480564547971755,4.110423410978816
AP,2024,8,2024-08-01,1090,45,61,802837,135.7685308474821,5.605122833152931,7.598055396051751
AP,2024,9,2024-09-01,442,22,20,802837,55.0547620500799,2.7402822739858776,2.491165703623525
AP,2024,10,2024-10-01,299,16,22,802837,37.2429272691717,1.9929325628988201,2.7402822739858776
AP,2024,11,2024-11-01,179,6,11,802837,22.29593304743055,0.7473497110870575,1.3701411369929388
AP,2024,12,2024-12-01,78,8,8,802837,9.7155462441317475,0.9964662814494101,0.9964662814494101
AP,2025,1,2025-01-01,311,8,7,806517,38.560873484377886,0.991919575160846,0.8679296282657403
AP,2025,2,2025-02-01,529,25,0,806517,65.59068190751094,3.0997486723776437,0
AP,2025,3,2025-03-01,348,12,0,806517,43.148501519496804,1.487879362741269,0
AP,2025,4,2025-04-01,87,21,0,806517,10.787125379874201,2.6037888847972206,0
AP,2025,5,2025-05-01,2,13,0,806517,0.2479798937902115,1.6118693096363745,0
AP,2025,6,2025-06-01,0,10,0,806517,0,1.2398994689510576,0
AP,2025,7,2025-07-01,0,7,0,806517,0,0.8679296282657403,0
AP,2025,8,2025-08-01,0,10,0,806517,0,1.2398994689510576,0
AP,2025,9,2025-09-01,0,15,0,806517,0,1.859849203426586,0
AP,2025,10,2025-10-01,0,6,0,806517,0,0.7439396813706345,0
AP,2025,11,2025-11-01,0,0,0,806517,0,0,0
AP,2025,12,2025-12-01,0,0,0,806517,0,0,0
BA,2016,1,2016-01-01,7895,6105,0,15259615,51.737871499379246,40.007562445055136,0
BA,2016,2,2016-02-01,19895,18468,3,15259615,130.376814880323,121.02533386327244,0.019659735845235938
BA,2016,3,2016-03-01,18799,20197,8,15259615,123.19445805153015,132.35589495541006,0.0524259622539625
BA,2016,4,2016-04-01,11091,7415,2,15259615,72.68204341983727,48.592313764141494,0.013106490563490626
BA,2016,5,2016-05-01,3420,2784,6,15259615,22.412098863568968,18.24423486437895,0.039319471690471876
BA,2016,6,2016-06-01,1590,1203,2,15259615,10.419659997975048,7.883554073939612,0.013106490563490626
BA,2016,7,2016-07-01,1085,630,0,15259615,7.110271130693665,4.128544527499547,0
BA,2016,8,2016-08-01,626,476,0,15259615,4.102331546372565,3.119344754110769,0
BA,2016,9,2016-09-01,553,295,0,15259615,3.623944640805158,1.9332073581148672,0
BA,2016,10,2016-10-01,813,427,1,15259615,5.327788414058939,2.7982357353052483,0.006553245281745313
BA,2016,11,2016-11-01,719,476,0,15259615,4.71178335757488,3.119344754110769,0
BA,2016,12,2016-12-01,1260,432,0,15259615,8.257089054999094,2.8310019617139752,0
BA,2017,1,2017-01-01,1969,556,1,15327633,12.846080017703972,3.6274354950956877,0.0065241645595246174
BA,2017,2,2017-02-01,1693,341,2,15327633,11.04541059927518,2.224740114797895,0.013048329119049235
BA,2017,3,2017-03-01,1213,330,0,15327633,7.913811610703362,2.152974304643124,0
BA,2017,4,2017-04-01,1366,300,2,15327633,8.912008788310628,1.9572493678573852,0.013048329119049235
BA,2017,5,2017-05-01,855,370,4,15327633,5.578160698393549,2.4139408870241086,0.02609665823809847
BA,2017,6,2017-06-01,625,344,4,15327633,4.0776028497028864,2.2443126084764686,0.02609665823809847
BA,2017,7,2017-07-01,651,245,1,15327633,4.247231128250526,1.5984203170835314,0.0065241645595246174
BA,2017,8,2017-08-01,415,168,5,15327633,2.7075282922027166,1.0960596460001357,0.03262082279762309
BA,2017,9,2017-09-01,393,94,17,15327633,2.563996671893175,0.6132714685953141,0.11091079751191851
BA,2017,10,2017-10-01,321,85,37,15327633,2.0942568236074024,0.5545539875595925,0.24139408870241089
BA,2017,11,2017-11-01,268,101,35,15327633,1.7484761019525976,0.6589406205119864,0.22834575958336162
BA,2017,12,2017-12-01,337,95,16,15327633,2.1986434565597963,0.6197956331548387,0.10438663295239388
BA,2018,1,2018-01-01,582,140,35,14744683,3.947185571910905,0.9494948111125888,0.2373737027781472
BA,2018,2,2018-02-01,590,150,34,14744683,4.001442418260196,1.0173158690492023,0.23059159698448586
BA,2018,3,2018-03-01,1223,233,41,14744683,8.29451538564783,1.5802306499230943,0.27806633754011534
BA,2018,4,2018-04-01,1720,145,56,14744683,11.66522196509752,0.9834053400808956,0.3797979244450356
BA,2018,5,2018-05-01,1621,166,29,14744683,10.993793491525047,1.125829561747784,0.1966810680161791
BA,2018,6,2018-06-01,1077,122,28,14744683,7.304327939773273,0.8274169068266846,0.1898989622225178
BA,2018,7,2018-07-01,484,107,48,14744683,3.282539204132093,0.7256853199217643,0.32554107809574473
BA,2018,8,2018-08-01,446,139,156,14744683,3.0248191839729617,0.9427127053189275,1.0580085038111704
BA,2018,9,2018-09-01,415,87,77,14744683,2.81457390436946,0.5900432040485373,0.5222221461119239
BA,2018,10,2018-10-01,408,128,42,14744683,2.7670991638138305,0.8681095415886526,0.2848484433337767
BA,2018,11,2018-11-01,529,80,28,14744683,3.587733964846854,0.542568463492908,0.1898989622225178
BA,2018,12,2018-12-01,661,51,25,14744683,4.482971929610152,0.3458873954767288,0.16955264484153373
BA,2019,1,2019-01-01,2113,68,57,14637286,14.435736242360777,0.4645669969145919,0.389416453296055
BA,2019,2,2019-02-01,4415,188,90,14637286,30.162695461440055,1.284391109116813,0.6148680841516658
BA,2019,3,2019-03-01,6427,169,48,14637286,43.90841307603063,1.1545856246847948,0.32792964488088844
BA,2019,4,2019-04-01,7654,208,89,14637286,52.291114623298334,1.4210284611505164,0.6080362165499806
BA,2019,5,2019-05-01,13106,358,299,14637286,89.53845678768592,2.445808601403293,2.0427284129038674
BA,2019,6,2019-06-01,12828,363,347,14637286,87.63919759441744,2.479967939411719,2.370658057784756
BA,2019,7,2019-07-01,6717,447,863,14637286,45.88965468051933,3.053844817953274,5.895901740254307
BA,2019,8,2019-08-01,5489,382,756,14637286,37.50012126564993,2.609773423843737,5.164891906873993
BA,2019,9,2019-09-01,3145,358,532,14637286,21.486223607299877,2.445808601403293,3.6345535640965134
BA,2019,10,2019-10-01,2376,269,506,14637286,16.23251742160398,1.8377723848533123,3.456925006452699
BA,2019,11,2019-11-01,2539,199,418,14637286,17.346111840678663,1.3595416527353499,2.8557206575044036
BA,2019,12,2019-12-01,1313,119,325,14637286,8.970242161012635,0.812992244600536,2.220356970547682
BA,2020,1,2020-01-01,2328,212,407,14852728,15.673888325430857,1.4273472186388925,2.740237348990704
BA,2020,2,2020-02-01,7281,222,762,14852728,49.02129763636687,1.4946749176312932,5.1303706632209245
BA,2020,3,2020-03-01,9347,449,1158,14852728,62.93120024819683,3.0230136847587863,7.796547543319988
BA,2020,4,2020-04-01,15615,967,1986,14852728,105.13220197663352,6.510588492565137,13.371281019890757
BA,2020,5,2020-05-01,23474,1054,2631,14852728,158.04504061476115,7.096339473799023,17.713917604900594
BA,2020,6,2020-06-01,12705,863,2721,14852728,85.53984156984495,5.810380423044171,18.319866895832202
BA,2020,7,2020-07-01,6485,515,2071,14852728,43.66201279657178,3.46737649810863,13.943566461326162
BA,2020,8,2020-08-01,2656,239,953,14852728,17.882236852381595,1.6091320059183742,6.4163297139757764
BA,2020,9,2020-09-01,1148,165,459,14852728,7.729219844327588,1.1109070333746096,3.0903413837511873
BA,2020,10,2020-10-01,1005,148,309,14852728,6.76643374873626,0.9964499450875287,2.0804258988651783
BA,2020,11,2020-11-01,743,123,275,14852728,5.002448035135364,0.8281306976065272,1.8515117222910162
BA,2020,12,2020-12-01,613,92,163,14852728,4.127187948234156,0.6194148307300854,1.0974414935761296
BA,2021,1,2021-01-01,1182,159,293,14907153,7.92907941576772,1.066602053390074,1.96549938140435
BA,2021,2,2021-02-01,3637,200,400,14907153,24.39768344767106,1.3416378030063822,2.6832756060127645
BA,2021,3,2021-03-01,4660,322,1049,14907153,31.260160810048703,2.1600368628402755,7.0368902767684745
BA,2021,4,2021-04-01,4826,351,1277,14907153,32.373720186544006,2.354574344276201,8.566357372195752
BA,2021,5,2021-05-01,4875,286,1521,14907153,32.70242144828057,1.9185420582991266,10.203155491863537
BA,2021,6,2021-06-01,1906,210,1060,14907153,12.785808262650823,1.4087196931567014,7.110680355933826
BA,2021,7,2021-07-01,1028,227,394,14907153,6.896018307452805,1.5227589064122438,2.643026471922573
BA,2021,8,2021-08-01,390,95,203,14907153,2.6161937158624453,0.6372779564280315,1.361762370051478
BA,2021,9,2021-09-01,304,79,106,14907153,2.039289460569701,0.529946932187521,0.7110680355933826
BA,2021,10,2021-10-01,358,43,110,14907153,2.401531667381424,0.2884521276463722,0.7379007916535102
BA,2021,11,2021-11-01,501,74,115,14907153,3.3608026965309876,0.49640598711236145,0.7714417367286698
BA,2021,12,2021-12-01,1216,72,202,14907153,8.157157842278805,0.48298960908229754,1.355054181036446
BA,2022,1,2022-01-01,1466,146,558,14907153,9.834205096036781,0.979395596194659,3.7431694703878065
BA,2022,2,2022-02-01,2484,221,1194,14907153,16.66314151333927,1.4825097723220524,8.009577683948102
BA,2022,3,2022-03-01,5201,460,2110,14907153,34.88929106718097,3.085766946914679,14.154278821717332
BA,2022,4,2022-04-01,9499,444,1867,14907153,63.72108745378813,2.978435922674169,12.524188891064577
BA,2022,5,2022-05-01,6686,567,1468,14907153,44.850951754503356,3.803543171523094,9.847621474066845
BA,2022,6,2022-06-01,3214,200,540,14907153,21.560119494312563,1.3416378030063822,3.622422068117232
BA,2022,7,2022-07-01,2080,129,243,14907153,13.953033151266375,0.8653563829391165,1.6300899306527545
BA,2022,8,2022-08-01,1225,115,216,14907153,8.217531543414092,0.7714417367286698,1.4489688272468928
BA,2022,9,2022-09-01,811,70,188,14907153,5.44034129119088,0.46957323105223375,1.2611395348259993
BA,2022,10,2022-10-01,1096,89,88,14907153,7.352175160474974,0.5970288223378402,0.5903206333228082
BA,2022,11,2022-11-01,907,187,134,14907153,6.084327436633943,1.2544313458109673,0.8988973280142761
BA,2022,12,2022-12-01,1253,358,208,14907153,8.405360835834985,2.401531667381424,1.3953033151266374
BA,2023,1,2023-01-01,3166,289,595,14907153,21.23812642159103,1.9386666253442224,3.9913724639439874
BA,2023,2,2023-02-01,4961,438,761,14907153,33.279325703573306,2.938186788583977,5.104931840439284
BA,2023,3,2023-03-01,5289,523,1179,14907153,35.479611700503774,3.50838285486169,7.908954848722623
BA,2023,4,2023-04-01,6600,571,1136,14907153,44.27404749921062,3.8303759275832214,7.620502721076251
BA,2023,5,2023-05-01,5887,741,1400,14907153,39.491108731492865,4.970768060138647,9.391464621044676
BA,2023,6,2023-06-01,5651,582,850,14907153,37.90797612394533,3.9041660067485724,5.701960662777124
BA,2023,7,2023-07-01,5941,460,630,14907153,39.85335093830459,3.085766946914679,4.226159079470103
BA,2023,8,2023-08-01,3234,248,391,14907153,21.694283274613202,1.6636308757279141,2.6229019048774775
BA,2023,9,2023-09-01,2539,166,191,14907153,17.032091909166024,1.1135593764952973,1.281264101871095
BA,2023,10,2023-10-01,1421,125,225,14907153,9.532336590360346,0.838523626878989,1.50934252838218
BA,2023,11,2023-11-01,1272,129,197,14907153,8.532816427120592,0.8653563829391165,1.3215132359612864
BA,2023,12,2023-12-01,1662,123,144,14907153,11.149010142983036,0.8251072488489251,0.9659792181645951
BA,2024,1,2024-01-01,3548,269,198,14850513,23.891430551927733,1.8113852363214658,1.3332872743184023
BA,2024,2,2024-02-01,20823,1295,573,14850513,140.21737834915197,8.720237475971368,3.8584525665881038
BA,2024,3,2024-03-01,81441,1544,2341,14850513,548.4052975139647,10.396947230038451,15.763765197875657
BA,2024,4,2024-04-01,65882,622,1391,14850513,443.6345060941666,4.188407498111345,9.366679790792412
BA,2024,5,2024-05-01,34954,386,769,14850513,235.37234033598705,2.599236807509613,5.178272292681068
BA,2024,6,2024-06-01,13052,134,414,14850513,87.88921971921104,0.9023257311043733,2.7877824826657505
BA,2024,7,2024-07-01,4225,88,292,14850513,28.45019562623864,0.5925721219192899,1.9662620409140072
BA,2024,8,2024-08-01,2779,91,161,14850513,18.71315825924667,0.6127734442574475,1.0841376321477918
BA,2024,9,2024-09-01,1506,69,90,14850513,10.141063813755121,0.46463041377762504,0.6060396701447284
BA,2024,10,2024-10-01,1128,64,77,14850513,7.595697199147263,0.430961543214029,0.5185006066793787
BA,2024,11,2024-11-01,1707,68,73,14850513,11.494552410411682,0.45789663966490585,0.4915655102285018
BA,2024,12,2024-12-01,1555,65,65,14850513,10.471018745278363,0.4376953173267482,0.4376953173267482
BA,2025,1,2025-01-01,2453,123,47,14870907,16.49529514238775,0.8271183459085583,0.3160533516886361
BA,2025,2,2025-02-01,3926,110,0,14870907,26.400541675097557,0.739699333739361,0
BA,2025,3,2025-03-01,5544,119,0,14870907,37.280846420463796,0.800220188318036,0
BA,2025,4,2025-04-01,4479,140,0,14870907,30.119211961987254,0.9414355156682777,0
BA,2025,5,2025-05-01,1018,126,0,14870907,6.845581106787905,0.8472919641014499,0
BA,2025,6,2025-06-01,0,58,0,14870907,0,0.39002328506257217,0
BA,2025,7,2025-07-01,0,76,0,14870907,0,0.5110649942199221,0
BA,2025,8,2025-08-01,0,39,0,14870907,0,0.26225703650759163,0
BA,2025,9,2025-09-01,0,39,0,14870907,0,0.26225703650759163,0
BA,2025,10,2025-10-01,0,27,0,14870907,0,0.18156256373602497,0
BA,2025,11,2025-11-01,0,23,0,14870907,0,0.15466440614550275,0
BA,2025,12,2025-12-01,0,25,0,14870907,0,0.16811348494076386,0
CE,2016,1,2016-01-01,1321,159,20,8963663,14.73727872187966,1.7738284002868026,0.22312306921846572
CE,2016,2,2016-02-01,2722,405,52,8963663,30.367049720633187,4.518242151673931,0.5801199799680108
CE,2016,3,2016-03-01,3827,1131,700,8963663,42.69459929495341,12.617609564304235,7.8093074226463
CE,2016,4,2016-04-01,10338,1579,2470,8963663,115.33231447902492,17.615566314797867,27.555699048480516
CE,2016,5,2016-05-01,10557,2141,5199,8963663,117.77551208696713,23.885324559836754,58.00084184334017
CE,2016,6,2016-06-01,7298,1644,4179,8963663,81.41760795781813,18.340716289757882,46.62156531319841
CE,2016,7,2016-07-01,5617,764,1901,8963663,62.6641139900061,8.52330124414539,21.207847729215167
CE,2016,8,2016-08-01,2652,337,976,8963663,29.586118978368553,3.7596237163311477,10.888405777861127
CE,2016,9,2016-09-01,1330,219,399,8963663,14.837684103027968,2.4431976079421993,4.451305230908391
CE,2016,10,2016-10-01,1283,122,218,8963663,14.313344890364574,1.361050722232641,2.4320414544812765
CE,2016,11,2016-11-01,1534,112,174,8963663,17.113539409056322,1.249489187623408,1.9411707022006517
CE,2016,12,2016-12-01,1239,62,74,8963663,13.82247413808395,0.6916815145772437,0.8255553561083231
CE,2017,1,2017-01-01,1983,227,241,9020460,21.983357833192542,2.5165013757613246,2.671704103781847
CE,2017,2,2017-02-01,3958,210,538,9020460,43.8780283932305,2.3280409203078336,5.964219119645783
CE,2017,3,2017-03-01,5881,693,3439,9020460,65.19623167776366,7.6825350370158505,38.12444154732685
CE,2017,4,2017-04-01,14534,1053,10486,9020460,161.1226035035907,11.673462328972136,116.24684328737115
CE,2017,5,2017-05-01,6482,836,14933,9020460,71.8588630735018,9.267820044654043,165.5458812521756
CE,2017,6,2017-06-01,3000,271,6816,9020460,33.25772743296905,3.0042813781115374,75.56155672770568
CE,2017,7,2017-07-01,1685,132,2168,9020460,18.679756908184284,1.4633400070506382,24.0342510248923
CE,2017,8,2017-08-01,641,61,1010,9020460,7.106067761511054,0.676240457803704,11.196768235766248
CE,2017,9,2017-09-01,436,24,249,9020460,4.833456386924835,0.2660618194637524,2.760391376936431
CE,2017,10,2017-10-01,286,28,212,9020460,3.1705700152763825,0.31040545604104447,2.3502127385964795
CE,2017,11,2017-11-01,296,19,112,9020460,3.281429106719613,0.21063227374213733,1.2416218241641779
CE,2017,12,2017-12-01,269,18,92,9020460,2.9821095598228915,0.1995463645978143,1.0199036412777176
CE,2018,1,2018-01-01,234,46,104,9075649,2.578328007176126,0.5068508048294948,1.145923558744945
CE,2018,2,2018-02-01,427,84,84,9075649,4.704897688308572,0.9255536436016862,0.9255536436016862
CE,2018,3,2018-03-01,754,70,78,9075649,8.30794580090085,0.7712947030014052,0.8594426690587087
CE,2018,4,2018-04-01,824,93,86,9075649,9.079240503902255,1.0247201054161525,0.947590635116012
CE,2018,5,2018-05-01,396,50,77,9075649,4.36332431983652,0.5509247878581466,0.8484241733015456
CE,2018,6,2018-06-01,429,84,89,9075649,4.7269346798228975,0.9255536436016862,0.9806461223875009
CE,2018,7,2018-07-01,294,78,72,9075649,3.239437752605902,0.8594426690587087,0.793331694515731
CE,2018,8,2018-08-01,255,40,69,9075649,2.8097164180765475,0.44073983028651725,0.7602762072442422
CE,2018,9,2018-09-01,226,29,49,9075649,2.490180041118822,0.319536376957725,0.5399062921009836
CE,2018,10,2018-10-01,140,24,90,9075649,1.5425894060028105,0.26444389817191033,0.9916646181446638
CE,2018,11,2018-11-01,85,19,113,9075649,0.9365721393588492,0.2093514193860957,1.245090020559411
CE,2018,12,2018-12-01,105,14,43,9075649,1.1569420545021079,0.15425894060028103,0.473795317558006
CE,2019,1,2019-01-01,234,15,53,9132078,2.5623959847911943,0.1642561528712304,0.5803717401450141
CE,2019,2,2019-02-01,657,59,66,9132078,7.194419495759892,0.6460742012935062,0.7227270726334137
CE,2019,3,2019-03-01,1452,86,98,9132078,15.899995597935101,0.941735276461721,1.0731401987587053
CE,2019,4,2019-04-01,2499,93,430,9132078,27.36507506834699,1.0183881478016286,4.708676382308605
CE,2019,5,2019-05-01,2896,85,103,9132078,31.712387914338883,0.9307848662703055,1.1278922497157822
CE,2019,6,2019-06-01,3252,55,78,9132078,35.61073394248275,0.6022725605278448,0.854131994930398
CE,2019,7,2019-07-01,1837,53,73,9132078,20.115903521630017,0.5803717401450141,0.7993799439733212
CE,2019,8,2019-08-01,1669,63,34,9132078,18.276234609472233,0.6898758420591677,0.3723139465081222
CE,2019,9,2019-09-01,730,44,44,9132078,7.993799439733213,0.4818180484222758,0.4818180484222758
CE,2019,10,2019-10-01,348,37,50,9132078,3.810742746612545,0.4051651770823683,0.547520509570768
CE,2019,11,2019-11-01,462,23,30,9132078,5.059089508433897,0.25185943440255326,0.3285123057424608
CE,2019,12,2019-12-01,264,21,26,9132078,2.890908290533655,0.2299586140197226,0.28471066497679937
CE,2020,1,2020-01-01,580,27,38,9187103,6.3131979689353654,0.2938902502780256,0.4136233152061101
CE,2020,2,2020-02-01,2610,52,42,9187103,28.409390860209143,0.5660108523873086,0.4571626115435954
CE,2020,3,2020-03-01,3165,56,88,9187103,34.45046822703522,0.6095501487247938,0.9578645194246761
CE,2020,4,2020-04-01,3868,61,61,9187103,42.10249955834826,0.6639742691466505,0.6639742691466505
CE,2020,5,2020-05-01,4570,65,94,9187103,49.743646065576925,0.7075135654841357,1.023173463930904
CE,2020,6,2020-06-01,2949,82,109,9187103,32.09934622481102,0.8925555749184482,1.1864458251964738
CE,2020,7,2020-07-01,2493,152,149,9187103,27.135866442337697,1.6544932608244405,1.6218387885713264
CE,2020,8,2020-08-01,1898,117,143,9187103,20.659396112136765,1.2735244178714442,1.5565298440650988
CE,2020,9,2020-09-01,737,52,74,9187103,8.022115350181663,0.5660108523873086,0.8054769822434776
CE,2020,10,2020-10-01,523,30,60,9187103,5.6927629961262,0.3265447225311396,0.6530894450622792
CE,2020,11,2020-11-01,387,28,27,9187103,4.2124269206517,0.3047750743623969,0.2938902502780256
CE,2020,12,2020-12-01,328,45,25,9187103,3.5702222996737927,0.4898170837967094,0.27212060210928296
CE,2021,1,2021-01-01,387,23,29,9240580,4.188048802131467,0.24890212519127589,0.3138331143716087
CE,2021,2,2021-02-01,803,92,71,9240580,8.689930718634544,0.9956085007651035,0.7683500386339386
CE,2021,3,2021-03-01,1221,118,119,9240580,13.213456298197732,1.2769761205465457,1.2877979520766012
CE,2021,4,2021-04-01,2368,193,122,9240580,25.626097063171358,2.0886134853007063,1.3202634466667678
CE,2021,5,2021-05-01,6793,220,117,9240580,73.51270158366682,2.380802936612204,1.2661542890164903
CE,2021,6,2021-06-01,8099,211,120,9240580,87.64601356191928,2.283406452841705,1.2986197836066566
CE,2021,7,2021-07-01,7847,417,137,9240580,84.91891201634529,4.5127037480331325,1.4825909196175997
CE,2021,8,2021-08-01,3602,202,131,9240580,38.98023717125981,2.186009969071206,1.417659930437267
CE,2021,9,2021-09-01,1555,75,79,9240580,16.82794802923626,0.8116373647541605,0.8549246908743824
CE,2021,10,2021-10-01,1096,67,71,9240580,11.860727356940798,0.7250627125137167,0.7683500386339386
CE,2021,11,2021-11-01,735,41,64,9240580,7.954046174590772,0.44369509273227437,0.6925972179235502
CE,2021,12,2021-12-01,856,39,59,9240580,9.263487789727485,0.42205142967216347,0.6384880602732729
CE,2022,1,2022-01-01,377,61,149,9240580,4.079830486830913,0.6601317233333839,1.6124528979782655
CE,2022,2,2022-02-01,988,126,1178,9240580,10.691969551694807,1.3635507727869896,12.748117542405346
CE,2022,3,2022-03-01,2412,208,3741,9240580,26.1022576504938,2.250940958251538,40.48447175393752
CE,2022,4,2022-04-01,6850,345,4661,9240580,74.12954598087998,3.733531877869138,50.44055676158856
CE,2022,5,2022-05-01,9923,749,7670,9240580,107.38503427274046,8.105551816011548,83.00344783552548
CE,2022,6,2022-06-01,8935,575,3204,9240580,96.69306472104566,6.222553129781897,34.67314822229773
CE,2022,7,2022-07-01,5709,419,1745,9240580,61.7818362050867,4.5343474110932425,18.8840960199468
CE,2022,8,2022-08-01,3387,219,1076,9240580,36.653543392297884,2.3699811050821484,11.644290726339689
CE,2022,9,2022-09-01,1826,69,552,9240580,19.760664373881294,0.7467063755738277,5.9736510045906215
CE,2022,10,2022-10-01,1093,52,182,9240580,11.828261862350631,0.5627352395628845,1.969573338470096
CE,2022,11,2022-11-01,693,53,90,9240580,7.499529250328442,0.5735570710929401,0.9739648377049925
CE,2022,12,2022-12-01,581,45,72,9240580,6.2874841189622295,0.48698241885249627,0.7791718701639939
CE,2023,1,2023-01-01,606,48,51,9240580,6.558029907213617,0.5194479134426626,0.5519134080328291
CE,2023,2,2023-02-01,1053,106,82,9240580,11.395388601148412,1.1471141421858801,0.8873901854645487
CE,2023,3,2023-03-01,2127,220,205,9240580,23.01803566442799,2.380802936612204,2.2184754636613717
CE,2023,4,2023-04-01,2473,178,171,9240580,26.762389373827183,1.9262860123498742,1.8505331916394858
CE,2023,5,2023-05-01,2470,198,253,9240580,26.729923879237017,2.1427226429509836,2.7379233771040346
CE,2023,6,2023-06-01,1836,102,239,9240580,19.86888268918185,1.1038268160656581,2.5864177356832583
CE,2023,7,2023-07-01,1503,63,151,9240580,16.265212789673377,0.6817753863934948,1.6340965610383762
CE,2023,8,2023-08-01,1019,57,73,9240580,11.027446329126526,0.616844397213162,0.7899937016940495
CE,2023,9,2023-09-01,617,42,40,9240580,6.6770700540442265,0.45451692426232987,0.43287326120221886
CE,2023,10,2023-10-01,315,48,29,9240580,3.408876931967474,0.5194479134426626,0.3138331143716087
CE,2023,11,2023-11-01,233,45,21,9240580,2.521486746502925,0.48698241885249627,0.22725846213116493
CE,2023,12,2023-12-01,204,41,29,9240580,2.2076536321313163,0.44369509273227437,0.3138331143716087
CE,2024,1,2024-01-01,334,52,25,9233656,3.6172021136589887,0.5631572153002018,0.27074866120202007
CE,2024,2,2024-02-01,760,233,70,9233656,8.230759300541411,2.523377522402827,0.7580962513656562
CE,2024,3,2024-03-01,2016,450,126,9233656,21.8331720393309,4.873475901636361,1.3645732524581813
CE,2024,4,2024-04-01,2999,546,157,9233656,32.47900939779433,5.913150760652119,1.700301592348686
CE,2024,5,2024-05-01,2077,343,126,9233656,22.493798772663826,3.714671631691716,1.3645732524581813
CE,2024,6,2024-06-01,1711,177,112,9233656,18.530038372666255,1.9169005213103023,1.21295400218505
CE,2024,7,2024-07-01,965,104,37,9233656,10.450898322397975,1.1263144306004036,0.4007080185789897
CE,2024,8,2024-08-01,716,105,26,9233656,7.7542416568258545,1.1371443770484844,0.2815786076501009
CE,2024,9,2024-09-01,358,72,22,9233656,3.8771208284129273,0.7797561442618179,0.2382588218577777
CE,2024,10,2024-10-01,239,56,18,9233656,2.588357201091312,0.606477001092525,0.19493903606545449
CE,2024,11,2024-11-01,256,66,16,9233656,2.7724662907086857,0.7147764655733331,0.17327914316929285
CE,2024,12,2024-12-01,142,48,11,9233656,1.5378523956274741,0.5198374295078786,0.11912941092888885
CE,2025,1,2025-01-01,272,109,19,9268836,2.9345648148268024,1.175983694176917,0.2049879833886369
CE,2025,2,2025-02-01,417,164,0,9268836,4.498946793319032,1.769369961880866,0
CE,2025,3,2025-03-01,890,187,0,9268836,9.602068695572994,2.0175133101934266,0
CE,2025,4,2025-04-01,1543,274,0,9268836,16.647182019403516,2.956142497288764,0
CE,2025,5,2025-05-01,810,301,0,9268836,8.738961397094522,3.2474412105252486,0
CE,2025,6,2025-06-01,0,153,0,9268836,0,1.6506927083400764,0
CE,2025,7,2025-07-01,0,121,0,9268836,0,1.305449788948688,0
CE,2025,8,2025-08-01,0,133,0,9268836,0,1.4349158837204585,0
CE,2025,9,2025-09-01,0,97,0,9268836,0,1.0465175994051463,0
CE,2025,10,2025-10-01,0,64,0,9268836,0,0.690485838782777,0
CE,2025,11,2025-11-01,0,59,0,9268836,0,0.6365416326278726,0
CE,2025,12,2025-12-01,0,61,0,9268836,0,0.6581193150898343,0
DF,2016,1,2016-01-01,2059,70,0,2977216,69.15856961671575,2.3511898364109287,0
DF,2016,2,2016-02-01,4349,182,0,2977216,146.07606569358757,6.113093574668415,0
DF,2016,3,2016-03-01,4499,198,1,2977216,151.11432962875386,6.650508394419484,0.033588426234441845
DF,2016,4,2016-04-01,3794,221,1,2977216,127.43448913347234,7.423042197811647,0.033588426234441845
DF,2016,5,2016-05-01,1608,79,5,2977216,54.01018938498249,2.6534856725209055,0.1679421311722092
DF,2016,6,2016-06-01,825,31,0,2977216,27.71045164341452,1.0412412132676971,0
DF,2016,7,2016-07-01,445,21,0,2977216,14.94684967432662,0.7053569509232787,0
DF,2016,8,2016-08-01,137,15,1,2977216,4.601614394118532,0.5038263935166276,0.033588426234441845
DF,2016,9,2016-09-01,93,6,0,2977216,3.123723639803091,0.20153055740665105,0
DF,2016,10,2016-10-01,101,13,0,2977216,3.392431049678626,0.4366495410477439,0
DF,2016,11,2016-11-01,82,15,0,2977216,2.754250951224231,0.5038263935166276,0
DF,2016,12,2016-12-01,145,13,0,2977216,4.8703218039940666,0.4366495410477439,0
DF,2017,1,2017-01-01,179,20,0,3039444,5.8892350048232505,0.6580150843377933,0
DF,2017,2,2017-02-01,257,17,2,3039444,8.455493833740645,0.5593128216871244,0.06580150843377933
DF,2017,3,2017-03-01,442,17,1,3039444,14.542133363865235,0.5593128216871244,0.03290075421688966
DF,2017,4,2017-04-01,729,24,2,3039444,23.98464982411257,0.789618101205352,0.06580150843377933
DF,2017,5,2017-05-01,768,42,6,3039444,25.267779238571265,1.381831677109366,0.197404525301338
DF,2017,6,2017-06-01,749,32,3,3039444,24.64266490845036,1.0528241349404692,0.098702262650669
DF,2017,7,2017-07-01,257,18,1,3039444,8.455493833740645,0.592213575904014,0.03290075421688966
DF,2017,8,2017-08-01,112,9,1,3039444,3.684884472291643,0.296106787952007,0.03290075421688966
DF,2017,9,2017-09-01,144,7,0,3039444,4.737708607232112,0.23030527951822768,0
DF,2017,10,2017-10-01,88,16,0,3039444,2.895266371086291,0.5264120674702346,0
DF,2017,11,2017-11-01,127,17,0,3039444,4.178395785544988,0.5593128216871244,0
DF,2017,12,2017-12-01,157,6,0,3039444,5.165418412051678,0.197404525301338,0
DF,2018,1,2018-01-01,203,16,0,2974703,6.82421068590713,0.5378688225345521,0
DF,2018,2,2018-02-01,203,11,0,2974703,6.82421068590713,0.36978481549250464,0
DF,2018,3,2018-03-01,266,12,0,2974703,8.94206917463693,0.40340161690091414,0
DF,2018,4,2018-04-01,264,14,0,2974703,8.87483557182011,0.4706352197177332,0
DF,2018,5,2018-05-01,274,17,1,2974703,9.211003585904207,0.5714856239429618,0.03361680140840951
DF,2018,6,2018-06-01,223,11,0,2974703,7.496546714075322,0.36978481549250464,0
DF,2018,7,2018-07-01,103,7,0,2974703,3.4625305450661794,0.2353176098588666,0
DF,2018,8,2018-08-01,80,8,1,2974703,2.689344112672761,0.2689344112672761,0.03361680140840951
DF,2018,9,2018-09-01,112,11,0,2974703,3.7650817577418656,0.36978481549250464,0
DF,2018,10,2018-10-01,119,8,0,2974703,4.000399367600732,0.2689344112672761,0
DF,2018,11,2018-11-01,185,11,0,2974703,6.2191082605557595,0.36978481549250464,0
DF,2018,12,2018-12-01,399,12,0,2974703,13.413103761955396,0.40340161690091414,0
DF,2019,1,2019-01-01,673,7,0,3015268,22.319740732830383,0.2321518352597514,0
DF,2019,2,2019-02-01,2003,42,1,3015268,66.42858943218314,1.3929110115585082,0.0331645478942502
DF,2019,3,2019-03-01,5136,71,1,3015268,170.333117984869,2.3546829004917638,0.0331645478942502
DF,2019,4,2019-04-01,6272,57,2,3015268,208.00804439273725,1.890379229972261,0.0663290957885004
DF,2019,5,2019-05-01,9330,77,0,3015268,309.4252318533543,2.553670187857265,0
DF,2019,6,2019-06-01,10935,57,2,3015268,362.6543312236259,1.890379229972261,0.0663290957885004
DF,2019,7,2019-07-01,1627,25,0,3015268,53.95871942394507,0.8291136973562548,0
DF,2019,8,2019-08-01,681,9,0,3015268,22.585057115984384,0.2984809310482518,0
DF,2019,9,2019-09-01,436,17,1,3015268,14.459742881893085,0.5637973142022533,0.0331645478942502
DF,2019,10,2019-10-01,472,12,0,3015268,15.653666606086093,0.39797457473100234,0
DF,2019,11,2019-11-01,592,6,0,3015268,19.633412353396118,0.19898728736550117,0
DF,2019,12,2019-12-01,494,16,0,3015268,16.383286659759598,0.5306327663080032,0
DF,2020,1,2020-01-01,1773,257,1,3055149,58.03317612332492,8.412028349517488,0.03273162781913419
DF,2020,2,2020-02-01,5964,315,0,3055149,195.2114283133163,10.31046276302727,0
DF,2020,3,2020-03-01,8140,414,1,3055149,266.4354504477523,13.550893917121554,0.03273162781913419
DF,2020,4,2020-04-01,10331,361,0,3055149,338.1504469994753,11.816117642707443,0
DF,2020,5,2020-05-01,10721,426,1,3055149,350.9157818489376,13.943673450951165,0.03273162781913419
DF,2020,6,2020-06-01,4303,316,0,3055149,140.8441945057344,10.343194390846405,0
DF,2020,7,2020-07-01,1836,223,0,3055149,60.09526867593037,7.299153003666924,0
DF,2020,8,2020-08-01,1076,104,0,3055149,35.21923153338839,3.404089293189956,0
DF,2020,9,2020-09-01,688,69,1,3055149,22.51935993956432,2.258482319520259,0.03273162781913419
DF,2020,10,2020-10-01,762,4,0,3055149,24.941500398180253,0.13092651127653676,0
DF,2020,11,2020-11-01,662,5,0,3055149,21.668337616266832,0.16365813909567095,0
DF,2020,12,2020-12-01,822,5,0,3055149,26.905398067328303,0.16365813909567095,0
DF,2021,1,2021-01-01,786,4,0,3094325,25.401339549013112,0.12926890355731865,0
DF,2021,2,2021-02-01,1089,3,1,3094325,35.19345899348,0.09695167766798897,0.032317225889329664
DF,2021,3,2021-03-01,1297,9,2,3094325,41.91544197846057,0.290855033003967,0.06463445177865933
DF,2021,4,2021-04-01,1922,5,14,3094325,62.113708159291605,0.1615861294466483,0.4524411624506152
DF,2021,5,2021-05-01,3251,9,9,3094325,105.06330136621072,0.290855033003967,0.290855033003967
DF,2021,6,2021-06-01,2131,16,6,3094325,68.8680083701615,0.5170756142292746,0.19390335533597794
DF,2021,7,2021-07-01,1183,4,6,3094325,38.231278227076984,0.12926890355731865,0.19390335533597794
DF,2021,8,2021-08-01,475,6,2,3094325,15.35068229743159,0.19390335533597794,0.06463445177865933
DF,2021,9,2021-09-01,473,3,0,3094325,15.28604784565293,0.09695167766798897,0
DF,2021,10,2021-10-01,613,1,0,3094325,19.81045947015908,0.032317225889329664,0
DF,2021,11,2021-11-01,720,4,1,3094325,23.268402640317355,0.12926890355731865,0.032317225889329664
DF,2021,12,2021-12-01,1720,12,7,3094325,55.58562852964701,0.3878067106719559,0.2262205812253076
DF,2022,1,2022-01-01,3243,6,16,3094325,104.80476355909607,0.19390335533597794,0.5170756142292746
DF,2022,2,2022-02-01,5859,15,39,3094325,189.34662648558248,0.4847583883399449,1.2603718096838568
DF,2022,3,2022-03-01,10191,12,37,3094325,329.34484903815854,0.3878067106719559,1.1957373579051975
DF,2022,4,2022-04-01,18290,18,21,3094325,591.0820615158394,0.581710066007934,0.6786617436759228
DF,2022,5,2022-05-01,11233,14,17,3094325,363.01939841484005,0.4524411624506152,0.5493928401186042
DF,2022,6,2022-06-01,4971,11,10,3094325,160.64892989585772,0.35548948478262626,0.3231722588932966
DF,2022,7,2022-07-01,2695,1,8,3094325,87.09492377174344,0.032317225889329664,0.2585378071146373
DF,2022,8,2022-08-01,1349,3,12,3094325,43.59593772470571,0.09695167766798897,0.3878067106719559
DF,2022,9,2022-09-01,1213,8,2,3094325,39.20079500375688,0.2585378071146373,0.06463445177865933
DF,2022,10,2022-10-01,1558,3,0,3094325,50.350237935575606,0.09695167766798897,0
DF,2022,11,2022-11-01,1380,3,3,3094325,44.59777172727493,0.09695167766798897,0.09695167766798897
DF,2022,12,2022-12-01,2709,2,8,3094325,87.54736493419405,0.06463445177865933,0.2585378071146373
DF,2023,1,2023-01-01,2590,3,25,3094325,83.70161505336382,0.09695167766798897,0.8079306472332415
DF,2023,2,2023-02-01,3212,9,33,3094325,103.80292955652686,0.290855033003967,1.0664684543478788
DF,2023,3,2023-03-01,3537,12,61,3094325,114.306027970559,0.3878067106719559,1.9713507792491092
DF,2023,4,2023-04-01,4893,10,55,3094325,158.12818627649003,0.3231722588932966,1.7774474239131313
DF,2023,5,2023-05-01,3426,4,56,3094325,110.71881589684342,0.12926890355731865,1.8097646498024609
DF,2023,6,2023-06-01,2424,3,28,3094325,78.3369555557351,0.09695167766798897,0.9048823249012304
DF,2023,7,2023-07-01,1942,5,18,3094325,62.7600526770782,0.1615861294466483,0.581710066007934
DF,2023,8,2023-08-01,1551,2,10,3094325,50.12401735435031,0.06463445177865933,0.3231722588932966
DF,2023,9,2023-09-01,1827,3,9,3094325,59.04357169980529,0.09695167766798897,0.290855033003967
DF,2023,10,2023-10-01,1036,2,2,3094325,33.48064602134553,0.06463445177865933,0.06463445177865933
DF,2023,11,2023-11-01,1884,5,1,3094325,60.88565357549708,0.1615861294466483,0.032317225889329664
DF,2023,12,2023-12-01,9186,9,9,3094325,296.86603701938225,0.290855033003967,0.290855033003967
DF,2024,1,2024-01-01,39870,21,14,2982818,1336.6554714367421,0.7040322272428288,0.46935481816188585
DF,2024,2,2024-02-01,82433,48,10,2982818,2763.5946946813383,1.6092165194121801,0.33525344154420417
DF,2024,3,2024-03-01,81002,31,11,2982818,2715.619927196363,1.039285668787033,0.3687787856986246
DF,2024,4,2024-04-01,31890,14,11,2982818,1069.123225084467,0.46935481816188585,0.3687787856986246
DF,2024,5,2024-05-01,14380,6,6,2982818,482.09444894056566,0.20115206492652252,0.20115206492652252
DF,2024,6,2024-06-01,6127,1,1,2982818,205.4097836341339,0.03352534415442042,0.03352534415442042
DF,2024,7,2024-07-01,1630,3,3,2982818,54.646310971705276,0.10057603246326126,0.10057603246326126
DF,2024,8,2024-08-01,2133,1,1,2982818,71.50955908137875,0.03352534415442042,0.03352534415442042
DF,2024,9,2024-09-01,923,0,0,2982818,30.943892654530043,0,0
DF,2024,10,2024-10-01,822,4,1,2982818,27.557832894933583,0.13410137661768168,0.03352534415442042
DF,2024,11,2024-11-01,1947,4,4,2982818,65.27384506865654,0.13410137661768168,0.13410137661768168
DF,2024,12,2024-12-01,1330,1,0,2982818,44.58870772537915,0.03352534415442042,0
DF,2025,1,2025-01-01,1194,7,3,2996899,39.841182502313224,0.23357477178910602,0.10010347362390258
DF,2025,2,2025-02-01,1722,3,0,2996899,57.45939386012007,0.10010347362390258,0
DF,2025,3,2025-03-01,1992,3,0,2996899,66.46870648627132,0.10010347362390258,0
DF,2025,4,2025-04-01,1310,4,0,2996899,43.71185014910412,0.13347129816520345,0
DF,2025,5,2025-05-01,720,1,0,2996899,24.02483366973662,0.03336782454130086,0
DF,2025,6,2025-06-01,0,1,0,2996899,0,0.03336782454130086,0
DF,2025,7,2025-07-01,0,0,0,2996899,0,0,0
DF,2025,8,2025-08-01,0,2,0,2996899,0,0.06673564908260173,0
DF,2025,9,2025-09-01,0,0,0,2996899,0,0,0
DF,2025,10,2025-10-01,0,4,0,2996899,0,0.13347129816520345,0
DF,2025,11,2025-11-01,0,4,0,2996899,0,0.13347129816520345,0
DF,2025,12,2025-12-01,0,3,0,2996899,0,0.10010347362390258,0
ES,2016,1,2016-01-01,10971,664,7,3973697,276.09050211931105,16.70987999336638,0.17615837342404314
ES,2016,2,2016-02-01,10581,814,6,3973697,266.27596417140006,20.484702281024447,0.1509928915063227
ES,2016,3,2016-03-01,8685,709,16,3973697,218.56221045540212,17.8423266796638,0.40264771068352717
ES,2016,4,2016-04-01,7540,266,12,3973697,189.74773365961218,6.69401819011364,0.3019857830126454
ES,2016,5,2016-05-01,1743,176,9,3973697,43.863434982586746,4.429124817518799,0.22648933725948406
ES,2016,6,2016-06-01,667,48,11,3973697,16.78537643911954,1.2079431320505816,0.27682030109492495
ES,2016,7,2016-07-01,472,50,11,3973697,11.878107465164053,1.2582740958860226,0.27682030109492495
ES,2016,8,2016-08-01,322,43,4,3973697,8.103285177505985,1.0821157224619793,0.10066192767088179
ES,2016,9,2016-09-01,329,30,2,3973697,8.27944355093003,0.7549644575316135,0.050330963835440896
ES,2016,10,2016-10-01,368,29,4,3973697,9.260897345721126,0.7297989756138931,0.10066192767088179
ES,2016,11,2016-11-01,455,20,3,3973697,11.450294272562806,0.503309638354409,0.07549644575316135
ES,2016,12,2016-12-01,1010,52,4,3973697,25.417136736897653,1.3086050597214636,0.10066192767088179
ES,2017,1,2017-01-01,1177,73,29,4016356,29.305171155146603,1.8175679645927802,0.7220475475779538
ES,2017,2,2017-02-01,728,59,44,4016356,18.12588326333622,1.468993286451699,1.0955204170148265
ES,2017,3,2017-03-01,1220,143,105,4016356,30.37579338086564,3.560441355298186,2.6143100860581083
ES,2017,4,2017-04-01,956,100,76,4016356,23.802670878776684,2.4898191295791507,1.8922625384801548
ES,2017,5,2017-05-01,667,45,68,4016356,16.607093594292937,1.1204186083106178,1.6930770081138227
ES,2017,6,2017-06-01,542,22,36,4016356,13.494819682319,0.5477602085074132,0.8963348866484943
ES,2017,7,2017-07-01,357,23,28,4016356,8.88865429259757,0.5726583998032047,0.6971493562821622
ES,2017,8,2017-08-01,275,15,16,4016356,6.847002606342665,0.37347286943687263,0.3983710607326641
ES,2017,9,2017-09-01,233,23,6,4016356,5.801278571919422,0.5726583998032047,0.14938914777474907
ES,2017,10,2017-10-01,187,21,12,4016356,4.655961772313012,0.5228620172116216,0.29877829554949814
ES,2017,11,2017-11-01,193,17,8,4016356,4.805350920087761,0.42326925202845567,0.19918553036633205
ES,2017,12,2017-12-01,341,28,8,4016356,8.490283231864904,0.6971493562821622,0.19918553036633205
ES,2018,1,2018-01-01,396,43,10,3972388,9.968814728067853,1.0824723063306,0.2517377456582791
ES,2018,2,2018-02-01,405,32,6,3972388,10.195378699160303,0.8055607861064931,0.15104264739496748
ES,2018,3,2018-03-01,1176,64,18,3972388,29.60435888941362,1.6111215722129861,0.4531279421849023
ES,2018,4,2018-04-01,1294,66,27,3972388,32.57486428818132,1.6614691213446422,0.6796919132773536
ES,2018,5,2018-05-01,1183,69,24,3972388,29.780575311374417,1.7369904450421259,0.6041705895798699
ES,2018,6,2018-06-01,1293,73,68,3972388,32.54969051361549,1.8376855433054373,1.7118166704762978
ES,2018,7,2018-07-01,882,50,59,3972388,22.203269167060217,1.2586887282913954,1.4852526993838466
ES,2018,8,2018-08-01,702,55,46,3972388,17.671989745211192,1.3845576011205352,1.1579936300280838
ES,2018,9,2018-09-01,577,40,18,3972388,14.525267924482703,1.0069509826331164,0.4531279421849023
ES,2018,10,2018-10-01,537,50,20,3972388,13.518316941849587,1.2586887282913954,0.5034754913165582
ES,2018,11,2018-11-01,493,18,5,3972388,12.410670860953159,0.4531279421849023,0.12586887282913956
ES,2018,12,2018-12-01,1290,29,5,3972388,32.47416918991801,0.7300394624090094,0.12586887282913956
ES,2019,1,2019-01-01,2750,80,16,4018650,68.43094073880532,1.9907182760379731,0.3981436552075946
ES,2019,2,2019-02-01,3702,79,12,4018650,92.1204882236572,1.9658342975874983,0.2986077414056959
ES,2019,3,2019-03-01,7427,178,9,4018650,184.8133079516753,4.42934816418449,0.22395580605427196
ES,2019,4,2019-04-01,8605,205,39,4018650,214.12663456633445,5.101215582347305,0.9704751595685119
ES,2019,5,2019-05-01,11627,203,126,4018650,289.3260174436689,5.0514476254463565,3.135381284759807
ES,2019,6,2019-06-01,14820,206,114,4018650,368.78056063603447,5.126099560797781,2.8367735433541115
ES,2019,7,2019-07-01,6446,152,195,4018650,160.40212509175967,3.7823647244721483,4.8523757978425595
ES,2019,8,2019-08-01,3335,87,119,4018650,82.988068132333,2.1649061251912953,2.961193435606485
ES,2019,9,2019-09-01,1552,48,59,4018650,38.61993455513667,1.1944309656227836,1.468154728578005
ES,2019,10,2019-10-01,1196,42,67,4018650,29.7612382267677,1.0451270949199358,1.6672265561818025
ES,2019,11,2019-11-01,1481,35,80,4018650,36.85317208515298,0.8709392457666131,1.9907182760379731
ES,2019,12,2019-12-01,1750,51,218,4018650,43.54696228833066,1.2690829009742077,5.424707302203476
ES,2020,1,2020-01-01,2334,39,801,4064052,57.43036752482497,0.959633390517641,19.70939348217001
ES,2020,2,2020-02-01,3007,42,814,4064052,73.99019500734735,1.0334513436343826,20.029271279009226
ES,2020,3,2020-03-01,1918,25,1141,4064052,47.19427802597014,0.6151496093061801,28.075428168734064
ES,2020,4,2020-04-01,167,0,1158,4064052,4.109199390165283,0,28.493729903062267
ES,2020,5,2020-05-01,2,0,870,4064052,0.04921196874449441,0,21.407206403855067
ES,2020,6,2020-06-01,2,0,350,4064052,0.04921196874449441,0,8.612094530286523
ES,2020,7,2020-07-01,1,0,135,4064052,0.024605984372247206,0,3.321807890253373
ES,2020,8,2020-08-01,1,0,63,4064052,0.024605984372247206,0,1.550177015451574
ES,2020,9,2020-09-01,0,0,43,4064052,0,0,1.0580573280066299
ES,2020,10,2020-10-01,1,0,40,4064052,0.024605984372247206,0,0.9842393748898883
ES,2020,11,2020-11-01,3,0,22,4064052,0.07381795311674161,0,0.5413316561894386
ES,2020,12,2020-12-01,2,0,61,4064052,0.04921196874449441,0,1.5009650467070796
ES,2021,1,2021-01-01,4,0,104,4108508,0.097358943928063435,0,2.531332542129649
ES,2021,2,2021-02-01,0,0,62,4108508,0,0,1.509063630884983
ES,2021,3,2021-03-01,2,0,77,4108508,0.04867947196403172,0,1.8741596706152208
ES,2021,4,2021-04-01,9,0,147,4108508,0.21905762383814273,0,3.5779411893563307
ES,2021,5,2021-05-01,9,0,166,4108508,0.21905762383814273,0,4.040396173014632
ES,2021,6,2021-06-01,1,0,91,4108508,0.02433973598201586,0,2.214915974363443
ES,2021,7,2021-07-01,4,1,81,4108508,0.097358943928063435,0.02433973598201586,1.9715186145432841
ES,2021,8,2021-08-01,0,0,30,4108508,0,0,0.7301920794604757
ES,2021,9,2021-09-01,0,0,8,4108508,0,0,0.19471788785612687
ES,2021,10,2021-10-01,0,0,12,4108508,0,0,0.29207683178419025
ES,2021,11,2021-11-01,0,0,10,4108508,0,0,0.24339735982015853
ES,2021,12,2021-12-01,3,0,10,4108508,0.07301920794604756,0,0.24339735982015853
ES,2022,1,2022-01-01,3,0,12,4108508,0.07301920794604756,0,0.29207683178419025
ES,2022,2,2022-02-01,3,0,22,4108508,0.07301920794604756,0,0.5354741916043488
ES,2022,3,2022-03-01,5,0,107,4108508,0.12169867991007927,0,2.6043517500756965
ES,2022,4,2022-04-01,14,3,181,4108508,0.34075630374822197,0.07301920794604756,4.40549221274487
ES,2022,5,2022-05-01,12,0,127,4108508,0.29207683178419025,0,3.0911464697160134
ES,2022,6,2022-06-01,3,0,40,4108508,0.07301920794604756,0,0.9735894392806341
ES,2022,7,2022-07-01,7,0,11,4108508,0.17037815187411098,0,0.2677370958021744
ES,2022,8,2022-08-01,2,0,14,4108508,0.04867947196403172,0,0.34075630374822197
ES,2022,9,2022-09-01,1,0,7,4108508,0.02433973598201586,0,0.17037815187411098
ES,2022,10,2022-10-01,5,0,3,4108508,0.12169867991007927,0,0.07301920794604756
ES,2022,11,2022-11-01,3,0,3,4108508,0.07301920794604756,0,0.07301920794604756
ES,2022,12,2022-12-01,8,0,5,4108508,0.19471788785612687,0,0.12169867991007927
ES,2023,1,2023-01-01,21,288,91,4108508,0.511134455622333,7.009843962820567,2.214915974363443
ES,2023,2,2023-02-01,28,1161,133,4108508,0.6815126074964439,28.25843347512041,3.2371848856081087
ES,2023,3,2023-03-01,44,2417,180,4108508,1.0709483832086977,58.82914186853232,4.381152476762854
ES,2023,4,2023-04-01,53,2402,166,4108508,1.2900060070468404,58.46404582880209,4.040396173014632
ES,2023,5,2023-05-01,39,2142,236,4108508,0.9492497032986184,52.13571447347797,5.744177691755742
ES,2023,6,2023-06-01,24,1603,246,4108508,0.5841536635683805,39.016596779171415,5.9875750515759005
ES,2023,7,2023-07-01,9,1048,231,4108508,0.21905762383814273,25.508043309152615,5.6224790118456625
ES,2023,8,2023-08-01,4,906,196,4108508,0.097358943928063435,22.051800799706367,4.7705882524751075
ES,2023,9,2023-09-01,8,486,159,4108508,0.19471788785612687,11.829111687259706,3.8700180211405213
ES,2023,10,2023-10-01,6,453,207,4108508,0.14603841589209512,11.025900399853183,5.038325348277282
ES,2023,11,2023-11-01,2,154,133,4108508,0.04867947196403172,3.7483193412304416,3.2371848856081087
ES,2023,12,2023-12-01,14,173,73,4108508,0.34075630374822197,4.210774324888743,1.7768007266871577
ES,2024,1,2024-01-01,47,238,203,4102129,1.1457465135786808,5.801865324079277,4.9486498352440895
ES,2024,2,2024-02-01,112,887,541,4102129,2.7302895642726006,21.622918245623186,13.188273698852473
ES,2024,3,2024-03-01,167,1716,1438,4102129,4.07105676101361,41.83193653831949,35.05496779842857
ES,2024,4,2024-04-01,99,1002,1692,4102129,2.413380954133817,24.426340566081663,41.2468744888325
ES,2024,5,2024-05-01,65,551,1264,4102129,1.5845430506939202,13.432049552805385,30.813267939647925
ES,2024,6,2024-06-01,30,396,576,4102129,0.7313275618587324,9.653523816535268,14.041489187687661
ES,2024,7,2024-07-01,8,198,410,4102129,0.19502068316232865,4.826761908267634,9.994810012069342
ES,2024,8,2024-08-01,12,93,214,4102129,0.29253102474349296,2.26711544176207,5.216803274592291
ES,2024,9,2024-09-01,7,60,120,4102129,0.17064309776703754,1.4626551237174648,2.9253102474349295
ES,2024,10,2024-10-01,6,75,107,4102129,0.14626551237174648,1.8283189046468311,2.6084016372961454
ES,2024,11,2024-11-01,8,237,112,4102129,0.19502068316232865,5.777487738683986,2.7302895642726006
ES,2024,12,2024-12-01,13,343,203,4102129,0.316908610138784,8.36151179058484,4.9486498352440895
ES,2025,1,2025-01-01,26,321,205,4126854,0.6300198650109744,7.778322179558569,4.967464320278837
ES,2025,2,2025-02-01,30,229,0,4126854,0.7269459980895859,5.549021118750506,0
ES,2025,3,2025-03-01,16,157,0,4126854,0.38770453231444585,3.8043507233355,0
ES,2025,4,2025-04-01,10,143,0,4126854,0.2423153326965286,3.4651092575603593,0
ES,2025,5,2025-05-01,1,116,0,4126854,0.024231533269652866,2.810857859279732,0
ES,2025,6,2025-06-01,0,61,0,4126854,0,1.4781235294488246,0
ES,2025,7,2025-07-01,0,45,0,4126854,0,1.090418997134379,0
ES,2025,8,2025-08-01,0,35,0,4126854,0,0.8481036644378502,0
ES,2025,9,2025-09-01,0,46,0,4126854,0,1.1146505304040317,0
ES,2025,10,2025-10-01,0,32,0,4126854,0,0.7754090646288917,0
ES,2025,11,2025-11-01,0,27,0,4126854,0,0.6542513982806274,0
ES,2025,12,2025-12-01,0,16,0,4126854,0,0.38770453231444585,0
GO,2016,1,2016-01-01,17835,223,2,6695855,266.35881452032635,3.330418594787372,0.029869225065357597
GO,2016,2,2016-02-01,30304,1213,9,6695855,452.5784981902983,18.115685002139383,0.13441151279410918
GO,2016,3,2016-03-01,28781,3681,5,6695855,429.8330833030285,54.97430873279066,0.07467306266339399
GO,2016,4,2016-04-01,26398,3360,5,6695855,394.2439016376549,50.18029810980076,0.07467306266339399
GO,2016,5,2016-05-01,9726,1724,5,6695855,145.254041492834,25.747272006338246,0.07467306266339399
GO,2016,6,2016-06-01,4330,581,7,6695855,64.6668722664992,8.677009881486383,0.10454228772875158
GO,2016,7,2016-07-01,2217,182,18,6695855,33.1100359849489,2.7180994809475414,0.26882302558821836
GO,2016,8,2016-08-01,1442,114,2,6695855,21.53571127212283,1.702545828725383,0.029869225065357597
GO,2016,9,2016-09-01,1494,72,2,6695855,22.312311123822127,1.0752921023528734,0.029869225065357597
GO,2016,10,2016-10-01,2359,59,0,6695855,35.230750964589284,0.8811421394280492,0
GO,2016,11,2016-11-01,2381,114,1,6695855,35.55931244030822,1.702545828725383,0.014934612532678799
GO,2016,12,2016-12-01,3607,162,0,6695855,53.86914740537243,2.4194072302939658,0
GO,2017,1,2017-01-01,5034,535,10,6778772,74.26123787612269,7.892284915320946,0.14751934421160648
GO,2017,2,2017-02-01,6697,636,12,6778772,98.79370481851285,9.382230291858171,0.17702321305392776
GO,2017,3,2017-03-01,8428,721,8,6778772,124.32930330154193,10.636144717656826,0.11801547536928518
GO,2017,4,2017-04-01,11672,657,9,6778772,172.18457856378708,9.692020914702544,0.13276740979044582
GO,2017,5,2017-05-01,11204,957,13,6778772,165.28067325468388,14.11760124105074,0.19177514747508842
GO,2017,6,2017-06-01,8077,673,5,6778772,119.15137431971455,9.928051865441114,0.07375967210580324
GO,2017,7,2017-07-01,4040,258,6,6778772,59.597815061489015,3.8059990806594466,0.08851160652696388
GO,2017,8,2017-08-01,1578,115,1,6778772,23.278552516591503,1.6964724584334745,0.014751934421160648
GO,2017,9,2017-09-01,1800,69,1,6778772,26.553481958089165,1.0178834750600847,0.014751934421160648
GO,2017,10,2017-10-01,1910,84,0,6778772,28.176194744416836,1.2391624913774943,0
GO,2017,11,2017-11-01,1806,123,2,6778772,26.64199356461613,1.8144879338027595,0.029503868842321295
GO,2017,12,2017-12-01,2002,117,1,6778772,29.533372711163615,1.7259763272757958,0.014751934421160648
GO,2018,1,2018-01-01,7036,255,0,6921161,101.65924474231996,3.684352957545707,0
GO,2018,2,2018-02-01,10421,335,3,6921161,150.56722419836788,4.840228395207105,0.04334532891230243
GO,2018,3,2018-03-01,17984,343,1,6921161,259.8407983862823,4.955815938973244,0.014448442970767477
GO,2018,4,2018-04-01,15691,284,1,6921161,226.7105186543125,4.103357803697963,0.014448442970767477
GO,2018,5,2018-05-01,14476,342,3,6921161,209.15566044483,4.941367496002477,0.04334532891230243
GO,2018,6,2018-06-01,7658,180,1,6921161,110.64617627013735,2.6007197347381457,0.014448442970767477
GO,2018,7,2018-07-01,2616,90,5,6921161,37.79712681152772,1.3003598673690728,0.07224221485383739
GO,2018,8,2018-08-01,2062,66,0,6921161,29.79268940572254,0.9535972360706534,0
GO,2018,9,2018-09-01,2283,33,0,6921161,32.985795302262154,0.4767986180353267,0
GO,2018,10,2018-10-01,2476,47,1,6921161,35.77434479562027,0.6790768196260714,0.014448442970767477
GO,2018,11,2018-11-01,3275,40,1,6921161,47.31865072926349,0.5779377188306991,0.014448442970767477
GO,2018,12,2018-12-01,5521,86,2,6921161,79.76985364160724,1.2425660954860032,0.028896885941534955
GO,2019,1,2019-01-01,7922,121,0,7018354,112.87546909147075,1.7240509669361221,0
GO,2019,2,2019-02-01,11709,144,1,7018354,166.83398985004175,2.051763134204972,0.014248355098645638
GO,2019,3,2019-03-01,19591,132,2,7018354,279.13952473756666,1.880782873021224,0.028496710197291275
GO,2019,4,2019-04-01,20947,206,2,7018354,298.46029425133014,2.935161150321001,0.028496710197291275
GO,2019,5,2019-05-01,23125,196,1,7018354,329.49321165618034,2.792677599334545,0.014248355098645638
GO,2019,6,2019-06-01,18030,121,1,7018354,256.8978424285808,1.7240509669361221,0.014248355098645638
GO,2019,7,2019-07-01,4943,73,0,7018354,70.42961925260538,1.0401299222011315,0
GO,2019,8,2019-08-01,3371,26,1,7018354,48.03120503753444,0.3704572325647865,0.014248355098645638
GO,2019,9,2019-09-01,2485,16,0,7018354,35.407162420134405,0.2279736815783302,0
GO,2019,10,2019-10-01,2488,28,0,7018354,35.449907485430344,0.3989539427620778,0
GO,2019,11,2019-11-01,3432,11,1,7018354,48.90035469855183,0.156731906085102,0.014248355098645638
GO,2019,12,2019-12-01,2904,19,0,7018354,41.37722320646693,0.27071874687426706,0
GO,2020,1,2020-01-01,5648,62,0,7113540,79.3978806613866,0.8715773018778273,0
GO,2020,2,2020-02-01,11015,47,0,7113540,154.8455480674882,0.6607118256170628,0
GO,2020,3,2020-03-01,10634,62,1,7113540,149.48956497046478,0.8715773018778273,0.014057698417384313
GO,2020,4,2020-04-01,10114,53,2,7113540,142.17956179342494,0.7450580161213685,0.028115396834768627
GO,2020,5,2020-05-01,9562,60,3,7113540,134.41971226702879,0.8434619050430587,0.04217309525215294
GO,2020,6,2020-06-01,6050,34,0,7113540,85.04907542517509,0.47796174619106657,0
GO,2020,7,2020-07-01,3682,16,1,7113540,51.76044557280904,0.224923174678149,0.014057698417384313
GO,2020,8,2020-08-01,2196,14,1,7113540,30.87070572457595,0.19680777784338035,0.014057698417384313
GO,2020,9,2020-09-01,1101,3,1,7113540,15.477525957540127,0.04217309525215294,0.014057698417384313
GO,2020,10,2020-10-01,1120,5,0,7113540,15.744622227470431,0.07028849208692156,0
GO,2020,11,2020-11-01,1127,6,1,7113540,15.84302611639212,0.08434619050430588,0.014057698417384313
GO,2020,12,2020-12-01,1128,5,0,7113540,15.857083814809503,0.07028849208692156,0
GO,2021,1,2021-01-01,2566,8,1,7206589,35.60630417524852,0.11100952198050977,0.013876190247563721
GO,2021,2,2021-02-01,4530,11,7,7206589,62.85914182146366,0.15263809272320095,0.09713333173294607
GO,2021,3,2021-03-01,5614,13,16,7206589,77.90093204982273,0.1803904732183284,0.22201904396101954
GO,2021,4,2021-04-01,8193,9,36,7206589,113.68762669828959,0.1248857122280735,0.499542848912294
GO,2021,5,2021-05-01,10083,11,65,7206589,139.91362626618502,0.15263809272320095,0.9019523660916419
GO,2021,6,2021-06-01,5706,18,69,7206589,79.1775415525986,0.249771424456147,0.9574571270818968
GO,2021,7,2021-07-01,3251,9,25,7206589,45.111494494829664,0.1248857122280735,0.34690475618909306
GO,2021,8,2021-08-01,1663,5,14,7206589,23.07610438169847,0.06938095123781861,0.19426666346589214
GO,2021,9,2021-09-01,1375,7,6,7206589,19.079761590400118,0.09713333173294607,0.08325714148538234
GO,2021,10,2021-10-01,2141,6,10,7206589,29.70892332003393,0.08325714148538234,0.13876190247563722
GO,2021,11,2021-11-01,4068,10,23,7206589,56.448341927089224,0.13876190247563722,0.3191523756939656
GO,2021,12,2021-12-01,12335,52,100,7206589,171.16280670369852,0.7215618928733136,1.3876190247563722
GO,2022,1,2022-01-01,16802,52,207,7206589,233.14774853956567,0.7215618928733136,2.872371381245691
GO,2022,2,2022-02-01,25992,48,464,7206589,360.66993691467627,0.6660571318830587,6.438552274869568
GO,2022,3,2022-03-01,37619,47,497,7206589,522.0084009230997,0.6521809416354949,6.89646655303917
GO,2022,4,2022-04-01,52739,32,362,7206589,731.8163974662632,0.4440380879220391,5.023180869618067
GO,2022,5,2022-05-01,29183,47,473,7206589,404.9488599946521,0.6521809416354949,6.5634379870976405
GO,2022,6,2022-06-01,13060,24,211,7206589,181.2230446331822,0.33302856594152935,2.9278761422359456
GO,2022,7,2022-07-01,8555,26,80,7206589,118.71080756790764,0.3607809464366568,1.1100952198050977
GO,2022,8,2022-08-01,5116,12,71,7206589,70.99058930653601,0.16651428297076468,0.9852095075770243
GO,2022,9,2022-09-01,4479,4,34,7206589,62.15145611883792,0.055504760990254885,0.47179046841716654
GO,2022,10,2022-10-01,4694,7,31,7206589,65.1348370220641,0.09713333173294607,0.43016189767447544
GO,2022,11,2022-11-01,4146,12,34,7206589,57.5306847663992,0.16651428297076468,0.47179046841716654
GO,2022,12,2022-12-01,6012,8,25,7206589,83.4236557683531,0.11100952198050977,0.34690475618909306
GO,2023,1,2023-01-01,6020,13,51,7206589,83.53466529033362,0.1803904732183284,0.7076857026257498
GO,2023,2,2023-02-01,7511,25,97,7206589,104.22406494945112,0.34690475618909306,1.3459904540136811
GO,2023,3,2023-03-01,9295,40,134,7206589,128.9791883511048,0.5550476099025489,1.8594094931735388
GO,2023,4,2023-04-01,12709,19,250,7206589,176.35250185628735,0.26364761470371073,3.469047561890931
GO,2023,5,2023-05-01,8265,34,333,7206589,114.68671239611417,0.47179046841716654,4.6207713524387195
GO,2023,6,2023-06-01,4217,17,188,7206589,58.515894273976215,0.23589523420858327,2.6087237665419796
GO,2023,7,2023-07-01,2973,18,95,7206589,41.25391360600695,0.249771424456147,1.3182380735185537
GO,2023,8,2023-08-01,2394,31,64,7206589,33.21959945266755,0.43016189767447544,0.8880761758440782
GO,2023,9,2023-09-01,3645,17,29,7206589,50.57871345236977,0.23589523420858327,0.402409517179348
GO,2023,10,2023-10-01,3091,21,23,7206589,42.89130405521947,0.2913999951988382,0.3191523756939656
GO,2023,11,2023-11-01,3805,18,72,7206589,52.79890389197997,0.249771424456147,0.999085697824588
GO,2023,12,2023-12-01,7262,204,364,7206589,100.76889357780775,2.8307428105029993,5.050933250113195
GO,2024,1,2024-01-01,18925,865,954,7350483,257.46607399813047,11.767934161605433,12.978738948175243
GO,2024,2,2024-02-01,55630,555,1282,7350483,756.8210143469483,7.5505242308566665,17.441030745870712
GO,2024,3,2024-03-01,85794,516,1309,7350483,1167.1886051569672,7.019946852472143,17.808353546290768
GO,2024,4,2024-04-01,70165,636,1423,7350483,954.5631219064107,8.652492632116827,19.359272036953218
GO,2024,5,2024-05-01,51426,389,1260,7350483,699.6274938667297,5.292169235681519,17.141730686269188
GO,2024,6,2024-06-01,23238,160,674,7350483,316.1424902281932,2.1767277061929127,9.169465462337646
GO,2024,7,2024-07-01,7020,69,200,7350483,95.50392810921404,0.9387138232956936,2.720909632741141
GO,2024,8,2024-08-01,5161,44,93,7350483,70.21307307288514,0.598600119203051,1.2652229792246306
GO,2024,9,2024-09-01,2733,40,46,7350483,37.18123013140769,0.5441819265482282,0.6258092155304624
GO,2024,10,2024-10-01,2594,24,33,7350483,35.2901979366526,0.3265091559289369,0.44895008940228825
GO,2024,11,2024-11-01,6023,50,35,7350483,81.94019358999947,0.6802274081852853,0.4761591857296997
GO,2024,12,2024-12-01,5628,61,44,7350483,76.5663970653357,0.829877437986048,0.598600119203051
GO,2025,1,2025-01-01,9012,94,42,7423629,121.39615274416326,1.266227070345245,0.5657610314308541
GO,2025,2,2025-02-01,15201,30,0,7423629,204.76508187572412,0.4041150224506101,0
GO,2025,3,2025-03-01,17544,38,0,7423629,236.32646512911677,0.5118790284374395,0
GO,2025,4,2025-04-01,13937,18,0,7423629,187.73836892980506,0.24246901347036606,0
GO,2025,5,2025-05-01,3932,23,0,7423629,52.96600894252663,0.3098215172121344,0
GO,2025,6,2025-06-01,0,19,0,7423629,0,0.25593951421871974,0
GO,2025,7,2025-07-01,0,6,0,7423629,0,0.08082300449012202,0
GO,2025,8,2025-08-01,0,17,0,7423629,0,0.22899851272201235,0
GO,2025,9,2025-09-01,0,22,0,7423629,0,0.2963510164637807,0
GO,2025,10,2025-10-01,0,13,0,7423629,0,0.17511650972859769,0
GO,2025,11,2025-11-01,0,17,0,7423629,0,0.22899851272201235,0
GO,2025,12,2025-12-01,0,15,0,7423629,0,0.20205751122530505,0
MA,2016,1,2016-01-01,2264,102,70,6954036,32.55663329899357,1.4667741150606641,1.0066096868063381
MA,2016,2,2016-02-01,4501,720,98,6954036,64.72500286164754,10.353699635722334,1.4092535615288733
MA,2016,3,2016-03-01,5460,1364,292,6954036,78.51555557089436,19.614508754340644,4.199000407820725
MA,2016,4,2016-04-01,6384,1251,841,6954036,91.80280343673803,17.989553117067558,12.093696380059004
MA,2016,5,2016-05-01,2168,677,727,6954036,31.176140014230587,9.735353685255584,10.454360604402968
MA,2016,6,2016-06-01,1045,327,153,6954036,15.027244610180333,4.702305251223893,2.2001611725909958
MA,2016,7,2016-07-01,740,238,63,6954036,10.641302403381287,3.4224729351415495,0.9059487181257042
MA,2016,8,2016-08-01,527,160,64,6954036,7.57833292781343,2.3008221412716297,0.9203288565086519
MA,2016,9,2016-09-01,254,34,21,6954036,3.6525551492687125,0.4889247050202214,0.3019829060419014
MA,2016,10,2016-10-01,151,73,25,6954036,2.1714008958251005,1.0497501019551811,0.3595034595736922
MA,2016,11,2016-11-01,183,82,8,6954036,2.6315653240794266,1.1791713474017103,0.11504110706358149
MA,2016,12,2016-12-01,251,25,6,6954036,3.6094147341198695,0.3595034595736922,0.08628083029768613
MA,2017,1,2017-01-01,386,65,24,7000229,5.5141053242686775,0.9285410520141555,0.34284592689753435
MA,2017,2,2017-02-01,1758,112,55,7000229,25.113464145244393,1.5999476588551602,0.7856885824735163
MA,2017,3,2017-03-01,1494,124,108,7000229,21.342158949371512,1.7713706223039274,1.5428066710389046
MA,2017,4,2017-04-01,1167,70,107,7000229,16.67088319539261,0.9999672867844752,1.5285214240848406
MA,2017,5,2017-05-01,821,78,160,7000229,11.728187749286487,1.1142492624169866,2.285639512650229
MA,2017,6,2017-06-01,509,64,89,7000229,7.271190699618541,0.9142558050600916,1.2713869789116898
MA,2017,7,2017-07-01,331,38,73,7000229,4.728416741795161,0.5428393842544293,1.042823027646667
MA,2017,8,2017-08-01,228,41,56,7000229,3.2570363055265763,0.5856951251166211,0.7999738294275801
MA,2017,9,2017-09-01,167,19,42,7000229,2.3856362413286765,0.2714196921272147,0.5999803720706851
MA,2017,10,2017-10-01,88,11,16,7000229,1.2571017319576259,0.15713771649470323,0.2285639512650229
MA,2017,11,2017-11-01,130,12,9,7000229,1.857082104028311,0.17142296344876717,0.12856722258657538
MA,2017,12,2017-12-01,149,6,3,7000229,2.128501796155526,0.08571148172438359,0.042855740862191793
MA,2018,1,2018-01-01,212,26,11,6914434,3.0660499471106384,0.3760249935135689,0.15908749725574067
MA,2018,2,2018-02-01,190,16,7,6914434,2.7478749525991573,0.23139999600835007,0.10123749825365315
MA,2018,3,2018-03-01,273,11,24,6914434,3.948262431892473,0.15908749725574067,0.34709999401252506
MA,2018,4,2018-04-01,381,23,28,6914434,5.510212404948836,0.33263749426200323,0.4049499930146126
MA,2018,5,2018-05-01,515,27,52,6914434,7.448187371518768,0.3904874932640907,0.7520499870271378
MA,2018,6,2018-06-01,193,18,10,6914434,2.7912624518507227,0.26032499550939386,0.1446249975052188
MA,2018,7,2018-07-01,69,18,10,6914434,0.9979124827860097,0.26032499550939386,0.1446249975052188
MA,2018,8,2018-08-01,91,12,25,6914434,1.316087477297491,0.17354999700626253,0.361562493763047
MA,2018,9,2018-09-01,75,12,11,6914434,1.084687481289141,0.17354999700626253,0.15908749725574067
MA,2018,10,2018-10-01,71,17,20,6914434,1.0268374822870534,0.24586249575887195,0.2892499950104376
MA,2018,11,2018-11-01,62,16,6,6914434,0.8966749845323564,0.23139999600835007,0.08677499850313126
MA,2018,12,2018-12-01,53,19,9,6914434,0.7665124867776596,0.2747874952599157,0.13016249775469693
MA,2019,1,2019-01-01,229,25,8,6952984,3.293549934819352,0.3595578531462175,0.1150585130067896
MA,2019,2,2019-02-01,354,13,8,6952984,5.09133920055044,0.18697008363603312,0.1150585130067896
MA,2019,3,2019-03-01,825,58,29,6952984,11.865409153825178,0.8341742192992245,0.41708710964961226
MA,2019,4,2019-04-01,966,59,22,6952984,13.893315445569844,0.8485565334250734,0.3164109107686714
MA,2019,5,2019-05-01,999,61,53,6952984,14.367931811722851,0.8773211616767708,0.7622626486699812
MA,2019,6,2019-06-01,1026,67,12,6952984,14.756254293120767,0.9636150464318629,0.1725877695101844
MA,2019,7,2019-07-01,426,39,6,6952984,6.126865817611547,0.5609102509080993,0.0862938847550922
MA,2019,8,2019-08-01,323,37,4,6952984,4.64548746264913,0.5321456226564019,0.0575292565033948
MA,2019,9,2019-09-01,194,42,4,6952984,2.790168940414648,0.6040571932856454,0.0575292565033948
MA,2019,10,2019-10-01,158,26,7,6952984,2.272405631884095,0.37394016727206625,0.1006761988809409
MA,2019,11,2019-11-01,155,12,5,6952984,2.2292586895065485,0.1725877695101844,0.0719115706292435
MA,2019,12,2019-12-01,68,27,1,6952984,0.9779973605577116,0.3883224813979149,0.0143823141258487
MA,2020,1,2020-01-01,330,40,4,6990851,4.720455349427416,0.5721764059912019,0.05721764059912019
MA,2020,2,2020-02-01,974,22,13,6990851,13.932495485885767,0.3146970232951611,0.18595733194714062
MA,2020,3,2020-03-01,477,25,12,6990851,6.823203641445083,0.3576102537445012,0.17165292179736058
MA,2020,4,2020-04-01,330,18,8,6990851,4.720455349427416,0.25747938269604087,0.11443528119824038
MA,2020,5,2020-05-01,183,5,3,6990851,2.617707057409749,0.07152205074890024,0.042913230449340145
MA,2020,6,2020-06-01,86,9,2,6990851,1.2301792728810843,0.12873969134802044,0.028608820299560096
MA,2020,7,2020-07-01,61,11,8,6990851,0.872569019136583,0.15734851164758054,0.11443528119824038
MA,2020,8,2020-08-01,45,15,16,6990851,0.6436984567401022,0.21456615224670075,0.22887056239648076
MA,2020,9,2020-09-01,39,13,5,6990851,0.5578719958414219,0.18595733194714062,0.07152205074890024
MA,2020,10,2020-10-01,35,9,3,6990851,0.5006543552423016,0.12873969134802044,0.042913230449340145
MA,2020,11,2020-11-01,29,8,8,6990851,0.4148278943436214,0.11443528119824038,0.11443528119824038
MA,2020,12,2020-12-01,16,10,9,6990851,0.22887056239648076,0.14304410149780047,0.12873969134802044
MA,2021,1,2021-01-01,231,13,10,7027997,3.286853992680987,0.18497446712057505,0.14228805163121158
MA,2021,2,2021-02-01,191,8,8,7027997,2.717701786156141,0.11383044130496925,0.11383044130496925
MA,2021,3,2021-03-01,116,8,7,7027997,1.650541398922054,0.11383044130496925,0.0996016361418481
MA,2021,4,2021-04-01,92,2,5,7027997,1.3090500750071463,0.028457610326242312,0.07114402581560579
MA,2021,5,2021-05-01,155,4,8,7027997,2.2054648002837793,0.056915220652484624,0.11383044130496925
MA,2021,6,2021-06-01,92,13,6,7027997,1.3090500750071463,0.18497446712057505,0.08537283097872694
MA,2021,7,2021-07-01,80,11,21,7027997,1.1383044130496927,0.15651685679433272,0.2988049084255443
MA,2021,8,2021-08-01,53,10,13,7027997,0.7541266736454213,0.14228805163121158,0.18497446712057505
MA,2021,9,2021-09-01,63,7,4,7027997,0.8964147252766329,0.0996016361418481,0.056915220652484624
MA,2021,10,2021-10-01,53,10,3,7027997,0.7541266736454213,0.14228805163121158,0.04268641548936347
MA,2021,11,2021-11-01,69,11,8,7027997,0.9817875562553597,0.15651685679433272,0.11383044130496925
MA,2021,12,2021-12-01,153,10,9,7027997,2.177007189957537,0.14228805163121158,0.1280592464680904
MA,2022,1,2022-01-01,199,13,17,7027997,2.83153222746111,0.18497446712057505,0.24188968777305966
MA,2022,2,2022-02-01,396,19,80,7027997,5.634606844595978,0.27034729809930197,1.1383044130496927
MA,2022,3,2022-03-01,855,55,61,7027997,12.16562841446859,0.7825842839716636,0.8679571149503905
MA,2022,4,2022-04-01,1299,112,80,7027997,18.48321790689438,1.5936261782695695,1.1383044130496927
MA,2022,5,2022-05-01,1191,145,174,7027997,16.946506949277296,2.063176748652568,2.475812098383081
MA,2022,6,2022-06-01,976,294,216,7027997,13.887313839206248,4.1832687179576205,3.07342191523417
MA,2022,7,2022-07-01,814,235,165,7027997,11.582247402780622,3.343769213333472,2.347752851914991
MA,2022,8,2022-08-01,409,135,163,7027997,5.819581311716553,1.9208886970213561,2.319295241588749
MA,2022,9,2022-09-01,292,84,91,7027997,4.154811107631378,1.1952196337021772,1.2948212698440253
MA,2022,10,2022-10-01,324,88,56,7027997,4.6101328728512545,1.2521348543546618,0.7968130891347848
MA,2022,11,2022-11-01,241,77,10,7027997,3.429142044312199,1.095617997560329,0.14228805163121158
MA,2022,12,2022-12-01,198,67,9,7027997,2.817303422297989,0.9533299459291176,0.1280592464680904
MA,2023,1,2023-01-01,364,103,31,7027997,5.179285079376101,1.465566931801479,0.4410929600567559
MA,2023,2,2023-02-01,680,170,65,7027997,9.675587510922385,2.4188968777305964,0.9248723356028752
MA,2023,3,2023-03-01,1227,287,171,7027997,17.45874393514966,4.083667081815772,2.4331256828937176
MA,2023,4,2023-04-01,1040,274,249,7027997,14.797957369646003,3.898692614695197,3.5429724856171685
MA,2023,5,2023-05-01,470,315,259,7027997,6.687538426666944,4.482073626383164,3.6852605372483795
MA,2023,6,2023-06-01,300,247,224,7027997,4.268641548936348,3.5145148752909257,3.187252356539139
MA,2023,7,2023-07-01,334,166,202,7027997,4.7524209244824664,2.361981657078112,2.8742186429504737
MA,2023,8,2023-08-01,177,144,121,7027997,2.5184985138724447,2.048947943489446,1.72168542473766
MA,2023,9,2023-09-01,139,77,46,7027997,1.9778039176738407,1.095617997560329,0.6545250375035732
MA,2023,10,2023-10-01,77,38,24,7027997,1.095617997560329,0.5406945961986039,0.3414913239149078
MA,2023,11,2023-11-01,110,43,23,7027997,1.5651685679433271,0.6118386220142098,0.3272625187517866
MA,2023,12,2023-12-01,81,27,18,7027997,1.1525332182128136,0.38417773940427125,0.2561184929361808
MA,2024,1,2024-01-01,231,38,37,7010960,3.2948412200326347,0.5420085123863209,0.5277451304814177
MA,2024,2,2024-02-01,1289,217,80,7010960,18.385499275420198,3.0951538733639903,1.1410705523922544
MA,2024,3,2024-03-01,4435,542,198,7010960,63.2580987482456,7.730752992457523,2.82414961717083
MA,2024,4,2024-04-01,2875,412,267,7010960,41.007222976596644,5.87651334482011,3.808322968609149
MA,2024,5,2024-05-01,1261,166,148,7010960,17.98612458208291,2.367721396213928,2.1109805219256708
MA,2024,6,2024-06-01,568,88,47,7010960,8.101600921985007,1.2551776076314798,0.6703789495304494
MA,2024,7,2024-07-01,167,87,42,7010960,2.381984778118831,1.2409142257265768,0.5990620400059335
MA,2024,8,2024-08-01,154,65,37,7010960,2.19656081335509,0.9271198238187067,0.5277451304814177
MA,2024,9,2024-09-01,95,63,13,7010960,1.355021280965802,0.8985930600089003,0.18542396476374134
MA,2024,10,2024-10-01,76,37,15,7010960,1.0840170247726417,0.5277451304814177,0.21395072857354772
MA,2024,11,2024-11-01,138,56,14,7010960,1.968346702876639,0.7987493866745781,0.19968734666864452
MA,2024,12,2024-12-01,92,75,18,7010960,1.3122311352510927,1.0697536428677386,0.2567408742882572
MA,2025,1,2025-01-01,233,107,17,7018211,3.3199343821381264,1.5246050596084957,0.24222697208733107
MA,2025,2,2025-02-01,833,148,0,7018211,11.869121632279223,2.1087995217014703,0
MA,2025,3,2025-03-01,1500,135,0,7018211,21.37296812535274,1.923567131281747,0
MA,2025,4,2025-04-01,1160,126,0,7018211,16.528428683606123,1.7953293225296303,0
MA,2025,5,2025-05-01,232,137,0,7018211,3.3056857367212245,1.9520644221155505,0
MA,2025,6,2025-06-01,0,91,0,7018211,0,1.2966267329380663,0
MA,2025,7,2025-07-01,0,85,0,7018211,0,1.2111348604366554,0
MA,2025,8,2025-08-01,0,77,0,7018211,0,1.0971456971014408,0
MA,2025,9,2025-09-01,0,73,0,7018211,0,1.0401511154338334,0
MA,2025,10,2025-10-01,0,56,0,7018211,0,0.7979241433465023,0
MA,2025,11,2025-11-01,0,33,0,7018211,0,0.47020529875776035,0
MA,2025,12,2025-12-01,0,31,0,7018211,0,0.4417080079239567,0
MG,2016,1,2016-01-01,55674,1374,17,20997560,265.14509304890663,6.543617448884537,0.08096178794107506
MG,2016,2,2016-02-01,125766,6503,28,20997560,598.9553071880733,30.9702651165183,0.1333488271970648
MG,2016,3,2016-03-01,145083,7248,66,20997560,690.9517105797055,34.51829641158306,0.31432223553593847
MG,2016,4,2016-04-01,146868,3222,29,20997560,699.4526983135183,15.344640043890815,0.1381112853112457
MG,2016,5,2016-05-01,39192,1392,16,20997560,186.65025841097727,6.629341694939792,0.07619932982689417
MG,2016,6,2016-06-01,8635,332,12,20997560,41.12382581595195,1.5811360939080543,0.057149497370170624
MG,2016,7,2016-07-01,2224,83,7,20997560,10.591706845938289,0.3952840234770136,0.0333372067992662
MG,2016,8,2016-08-01,919,56,7,20997560,4.376699006932234,0.2666976543941296,0.0333372067992662
MG,2016,9,2016-09-01,670,62,3,20997560,3.190846936501193,0.29527240307921493,0.014287374342542656
MG,2016,10,2016-10-01,1059,79,4,20997560,5.043443142917558,0.37623419102029,0.019049832456723544
MG,2016,11,2016-11-01,1097,87,6,20997560,5.224416551256431,0.414333855933737,0.028574748685085312
MG,2016,12,2016-12-01,1792,93,13,20997560,8.534324940612148,0.44290860461882237,0.061911955484351515
MG,2017,1,2017-01-01,4352,208,133,21119536,20.60651332491396,0.984870122146623,0.6297486838726002
MG,2017,2,2017-02-01,4399,255,305,21119536,20.82905609289901,1.2074128901316772,1.4441605156476922
MG,2017,3,2017-03-01,4574,367,1002,21119536,21.65767278220506,1.737727571287551,4.744422415340943
MG,2017,4,2017-04-01,4678,245,730,21119536,22.150107843278374,1.1600633650284742,3.456515332533821
MG,2017,5,2017-05-01,2714,291,616,21119536,12.8506611130093,1.377871180503208,2.916730746357306
MG,2017,6,2017-06-01,1600,134,543,21119536,7.5759240165124835,0.6344836363829205,2.5710792131039244
MG,2017,7,2017-07-01,825,60,341,21119536,3.9063358210142494,0.28409715061921814,1.614618806019223
MG,2017,8,2017-08-01,462,59,158,21119536,2.1875480597679795,0.27936219810889784,0.7481224966306078
MG,2017,9,2017-09-01,601,66,62,21119536,2.8457064587025016,0.31250686568113994,0.29356705563985874
MG,2017,10,2017-10-01,587,62,61,21119536,2.7794171235580176,0.29356705563985874,0.28883210312953844
MG,2017,11,2017-11-01,588,68,27,21119536,2.784152076068338,0.3219767707017806,0.12784371777864817
MG,2017,12,2017-12-01,1115,52,29,21119536,5.279472049007137,0.24621753053665574,0.13731362279928877
MG,2018,1,2018-01-01,1799,90,351,21040662,8.550111208478137,0.427743195532536,1.6681984625768904
MG,2018,2,2018-02-01,2184,84,233,21040662,10.379901544922875,0.3992269824970336,1.1073796062120098
MG,2018,3,2018-03-01,4823,139,564,21040662,22.922282578371348,0.6606256019891389,2.6805240253372253
MG,2018,4,2018-04-01,6992,181,1032,21040662,33.23089359070546,0.8602390932376557,4.904788642106412
MG,2018,5,2018-05-01,4376,123,1173,21040662,20.797824707226418,0.5845823672277992,5.574919648440719
MG,2018,6,2018-06-01,1984,78,400,21040662,9.429361110406127,0.3707107694615312,1.9010808690334935
MG,2018,7,2018-07-01,753,74,112,21040662,3.578784735955551,0.3516999607711963,0.5323026433293782
MG,2018,8,2018-08-01,500,56,50,21040662,2.3763510862918666,0.2661513216646891,0.2376351086291867
MG,2018,9,2018-09-01,616,45,43,21040662,2.92766453831158,0.213871597766268,0.20436619342110054
MG,2018,10,2018-10-01,698,43,27,21040662,3.317386116463446,0.20436619342110054,0.1283229586597608
MG,2018,11,2018-11-01,1139,62,18,21040662,5.413327774572872,0.29466753470019147,0.0855486391065072
MG,2018,12,2018-12-01,3295,45,24,21040662,15.6601536586634,0.213871597766268,0.1140648521420096
MG,2019,1,2019-01-01,11878,144,54,21168791,56.110904019034436,0.6802466895723993,0.2550925085896497
MG,2019,2,2019-02-01,29138,258,56,21168791,137.6460280608373,1.2187753188172155,0.26454037927815527
MG,2019,3,2019-03-01,79305,442,51,21168791,374.63169247596613,2.0879794221597257,0.2409207025568914
MG,2019,4,2019-04-01,130099,790,104,21168791,614.5792643519414,3.7319089219596906,0.49128927580228837
MG,2019,5,2019-05-01,147144,819,237,21168791,695.09874229473,3.868903046943021,1.119572676587907
MG,2019,6,2019-06-01,64215,351,181,21168791,303.34750813119183,1.6581013058327232,0.8550322973097518
MG,2019,7,2019-07-01,7507,161,102,21168791,35.462582629305565,0.7605535904246964,0.4818414051137828
MG,2019,8,2019-08-01,2456,64,60,21168791,11.60198520548481,0.3023318620321775,0.2834361206551664
MG,2019,9,2019-09-01,1883,50,54,21168791,8.895170253227972,0.23619676721263863,0.2550925085896497
MG,2019,10,2019-10-01,1460,56,31,21168791,6.8969456026090485,0.26454037927815527,0.14644199567183597
MG,2019,11,2019-11-01,1733,50,20,21168791,8.186579951590055,0.23619676721263863,0.09447870688505546
MG,2019,12,2019-12-01,1945,37,13,21168791,9.188054244571644,0.17478560773735258,0.061411159475286047
MG,2020,1,2020-01-01,6040,140,38,21292666,28.366574669419037,0.6575033863772625,0.1784652048738284
MG,2020,2,2020-02-01,14924,202,64,21292666,70.08986098781618,0.9486834574871931,0.3005729766296057
MG,2020,3,2020-03-01,15571,225,67,21292666,73.12846592343111,1.0567018709634575,0.3146623349091185
MG,2020,4,2020-04-01,17103,158,178,21292666,80.32343155150228,0.742039536054339,0.8359685912510909
MG,2020,5,2020-05-01,14578,181,289,21292666,68.46488833291238,0.8500579495306037,1.3572748475930634
MG,2020,6,2020-06-01,4684,113,147,21292666,21.998184727079266,0.5306991618616476,0.6903785556961256
MG,2020,7,2020-07-01,2523,56,89,21292666,11.849150313070236,0.263001354550905,0.41798429562554545
MG,2020,8,2020-08-01,1679,49,50,21292666,7.885344183767312,0.23012618523204187,0.23482263799187947
MG,2020,9,2020-09-01,1159,44,52,21292666,5.443188748651766,0.2066439214328539,0.2442155435115546
MG,2020,10,2020-10-01,1266,59,80,21292666,5.945709193954388,0.27709071283041775,0.3757162207870071
MG,2020,11,2020-11-01,1318,75,134,21292666,6.189924737465942,0.3522339569878192,0.629324669818237
MG,2020,12,2020-12-01,1422,82,360,21292666,6.678355824489051,0.3851091263066823,1.6907229935415322
MG,2021,1,2021-01-01,1814,39,247,21411923,8.471915390317815,0.1821415105966895,1.1535629004457002
MG,2021,2,2021-02-01,2813,40,199,21411923,13.13754023867917,0.18681180574019438,0.9293887335574671
MG,2021,3,2021-03-01,4210,71,496,21411923,19.66194255415546,0.331590955188845,2.3164663911784102
MG,2021,4,2021-04-01,3629,51,654,21411923,16.948501075779134,0.23818505231874781,3.054373023852178
MG,2021,5,2021-05-01,3229,38,585,21411923,15.08038301837719,0.17747121545318467,2.7321226589503427
MG,2021,6,2021-06-01,1635,42,387,21411923,7.6359325596304455,0.1961523960272041,1.8074042205363807
MG,2021,7,2021-07-01,894,23,145,21411923,4.175243858293344,0.10741678830061176,0.6771927958082047
MG,2021,8,2021-08-01,547,15,64,21411923,2.554651443497158,0.07005442715257289,0.298898889184311
MG,2021,9,2021-09-01,526,17,24,21411923,2.456575245483556,0.07939501743958262,0.11208708344411664
MG,2021,10,2021-10-01,630,12,20,21411923,2.9422859404080617,0.05604354172205832,0.09340590287009719
MG,2021,11,2021-11-01,765,22,21,21411923,3.5727757847812174,0.1027464931571069,0.09807619801360205
MG,2021,12,2021-12-01,1291,35,31,21411923,6.029351030264773,0.16346033002267008,0.14477914944865064
MG,2022,1,2022-01-01,2651,24,112,21411923,12.380952425431381,0.11208708344411664,0.5230730560725443
MG,2022,2,2022-02-01,3855,36,189,21411923,18.003987778211233,0.16813062516617494,0.8826857821224184
MG,2022,3,2022-03-01,11020,85,881,21411923,51.466652481423544,0.396975087197913,4.114530021427782
MG,2022,4,2022-04-01,28899,98,1429,21411923,134.9668593521469,0.4576889240634762,6.673851760068444
MG,2022,5,2022-05-01,20575,94,697,21411923,96.09132257761247,0.4390077434894568,3.2551957150228867
MG,2022,6,2022-06-01,7582,72,176,21411923,35.41017777805384,0.3362612503323499,0.8219719452568552
MG,2022,7,2022-07-01,3444,34,61,21411923,16.084496474230736,0.15879003487916524,0.28488800375379647
MG,2022,8,2022-08-01,1431,18,70,21411923,6.683192350355454,0.08406531258308747,0.32692066004534015
MG,2022,9,2022-09-01,1185,14,78,21411923,5.534299745053258,0.06538413200906804,0.364283021193379
MG,2022,10,2022-10-01,1769,14,93,21411923,8.261752108860096,0.06538413200906804,0.43433744834595195
MG,2022,11,2022-11-01,2072,47,215,21411923,9.676851537342069,0.2195038717447284,1.0041134558535447
MG,2022,12,2022-12-01,4835,23,1110,21411923,22.580877018845992,0.10741678830061176,5.1840276092903945
MG,2023,1,2023-01-01,13991,106,3502,21411923,65.34209935277649,0.4950512852115151,16.355373592554017
MG,2023,2,2023-02-01,40894,147,4418,21411923,190.98704959848772,0.6865333860952143,20.63336394400447
MG,2023,3,2023-03-01,78460,281,8926,21411923,366.4313569593913,1.3123529353248655,41.68705445092437
MG,2023,4,2023-04-01,122602,172,8571,21411923,572.5875251839827,0.8032907646828358,40.02909967498015
MG,2023,5,2023-05-01,66818,104,5165,21411923,312.0597808987077,0.48571069492450536,24.1220744162026
MG,2023,6,2023-06-01,22762,46,1253,21411923,106.30525805645762,0.2148335766012235,5.851879814811589
MG,2023,7,2023-07-01,7852,19,589,21411923,36.67115746680016,0.08873560772659234,2.750803839524362
MG,2023,8,2023-08-01,3321,28,401,21411923,15.510050171579637,0.13076826401813607,1.8727883525454487
MG,2023,9,2023-09-01,3773,28,267,21411923,17.621023576443836,0.13076826401813607,1.2469688033157975
MG,2023,10,2023-10-01,4740,28,375,21411923,22.137198980213032,0.13076826401813607,1.7513606788143223
MG,2023,11,2023-11-01,10272,30,1240,21411923,47.97327171408191,0.14010885430514577,5.791165977946026
MG,2023,12,2023-12-01,30481,61,3002,21411923,142.3552662691716,0.28488800375379647,14.020226020801589
MG,2024,1,2024-01-01,109819,142,10195,21322691,515.0334917858163,0.6659572190020481,47.81291442060479
MG,2024,2,2024-02-01,352944,242,14918,21322691,1655.250737348302,1.134941176045744,69.96302671177855
MG,2024,3,2024-03-01,610656,254,16008,21322691,2863.878672724751,1.1912192508909873,75.07495184355483
MG,2024,4,2024-04-01,339177,219,13158,21322691,1590.685715982096,1.0270748659256939,61.70890906780949
MG,2024,5,2024-05-01,164034,109,5416,21322691,769.293144097056,0.5111925131776285,25.400171113486568
MG,2024,6,2024-06-01,53860,66,1546,21322691,252.59475926373457,0.30952941164883924,7.250491975895538
MG,2024,7,2024-07-01,9297,26,569,21322691,43.6014384863524,0.1219358288313609,2.6685187155786294
MG,2024,8,2024-08-01,5040,26,190,21322691,23.63679143500227,0.1219358288313609,0.8910695183830221
MG,2024,9,2024-09-01,3530,30,96,21322691,16.555133683642463,0.14069518711310874,0.450224598761948
MG,2024,10,2024-10-01,3675,19,101,21322691,17.235160421355822,0.08910695183830221,0.4736737966141328
MG,2024,11,2024-11-01,8155,24,91,21322691,38.245641696913395,0.112556149690487,0.4267754009097632
MG,2024,12,2024-12-01,8713,25,50,21322691,40.86257217721722,0.11724598926092397,0.23449197852184794
MG,2025,1,2025-01-01,16337,43,116,21393441,76.36452686596795,0.20099618383036183,0.542222263356325
MG,2025,2,2025-02-01,31459,71,0,21393441,147.04974295626403,0.331877419812923,0
MG,2025,3,2025-03-01,45169,98,0,21393441,211.13480528915383,0.45808432593896414,0
MG,2025,4,2025-04-01,34663,105,0,21393441,162.02629581655424,0.49080463493460447,0
MG,2025,5,2025-05-01,8413,67,0,21393441,39.32513708290312,0.31318010038684285,0
MG,2025,6,2025-06-01,0,19,0,21393441,0,0.08881226727388082,0
MG,2025,7,2025-07-01,0,18,0,21393441,0,0.08413793741736077,0
MG,2025,8,2025-08-01,0,22,0,21393441,0,0.10283525684344094,0
MG,2025,9,2025-09-01,0,15,0,21393441,0,0.07011494784780063,0
MG,2025,10,2025-10-01,0,21,0,21393441,0,0.0981609269869209,0
MG,2025,11,2025-11-01,0,30,0,21393441,0,0.14022989569560126,0
MG,2025,12,2025-12-01,0,18,0,21393441,0,0.08413793741736077,0
MS,2016,1,2016-01-01,16721,895,3,2682386,623.3629313603635,33.36581685111688,0.11184072687525211
MS,2016,2,2016-02-01,14253,1140,8,2682386,531.3552933843227,42.4994762125958,0.29824193833400564
MS,2016,3,2016-03-01,8419,1018,3,2682386,313.8623598542492,37.951286653002214,0.11184072687525211
MS,2016,4,2016-04-01,5780,482,4,2682386,215.47980044631905,17.96907678462384,0.14912096916700282
MS,2016,5,2016-05-01,745,169,2,2682386,27.773780507354275,6.300360947305869,0.07456048458350141
MS,2016,6,2016-06-01,215,48,1,2682386,8.015252092726401,1.7894516300040337,0.037280242291750705
MS,2016,7,2016-07-01,139,32,0,2682386,5.181953678553348,1.1929677533360226,0
MS,2016,8,2016-08-01,102,33,3,2682386,3.8025847137585718,1.2302479956277732,0.11184072687525211
MS,2016,9,2016-09-01,90,29,1,2682386,3.355221806257563,1.0811270264607704,0.037280242291750705
MS,2016,10,2016-10-01,142,32,0,2682386,5.293794405428599,1.1929677533360226,0
MS,2016,11,2016-11-01,90,6,1,2682386,3.355221806257563,0.22368145375050422,0.037280242291750705
MS,2016,12,2016-12-01,193,18,1,2682386,7.195086762307885,0.6710443612515127,0.037280242291750705
MS,2017,1,2017-01-01,243,29,7,2713147,8.956389019835637,1.0688694715030185,0.25800297588003895
MS,2017,2,2017-02-01,294,34,3,2713147,10.836124986961636,1.253157311417332,0.11057270394858812
MS,2017,3,2017-03-01,222,46,11,2713147,8.18238009219552,1.6954481272116846,0.4054332478114897
MS,2017,4,2017-04-01,260,37,4,2713147,9.582967675544303,1.36373001536592,0.14743027193145083
MS,2017,5,2017-05-01,131,36,14,2713147,4.8283414057550145,1.3268724473830573,0.5160059517600779
MS,2017,6,2017-06-01,91,27,6,2713147,3.3540386864405063,0.995154335537293,0.22114540789717624
MS,2017,7,2017-07-01,88,25,7,2713147,3.2434659824919176,0.9214391995715676,0.25800297588003895
MS,2017,8,2017-08-01,78,28,8,2713147,2.874890302663291,1.0320119035201558,0.29486054386290167
MS,2017,9,2017-09-01,128,34,14,2713147,4.717768701806427,1.253157311417332,0.5160059517600779
MS,2017,10,2017-10-01,139,35,20,2713147,5.123201949617916,1.2900148794001947,0.7371513596572541
MS,2017,11,2017-11-01,275,40,17,2713147,10.135831195287244,1.4743027193145082,0.626578655708666
MS,2017,12,2017-12-01,382,29,7,2713147,14.079590969453553,1.0688694715030185,0.25800297588003895
MS,2018,1,2018-01-01,436,43,16,2748023,15.8659516314092,1.5647612847490724,0.5822367571159339
MS,2018,2,2018-02-01,319,40,19,2748023,11.60834534499893,1.4555918927898348,0.6914061490751715
MS,2018,3,2018-03-01,471,27,35,2748023,17.139594537600303,0.9825245276331384,1.2736429061911054
MS,2018,4,2018-04-01,300,42,45,2748023,10.91693919592376,1.5283714874293266,1.6375408793885642
MS,2018,5,2018-05-01,282,27,41,2748023,10.261922844168335,0.9825245276331384,1.4919816901095806
MS,2018,6,2018-06-01,198,18,19,2748023,7.205179869309681,0.6550163517554256,0.6914061490751715
MS,2018,7,2018-07-01,109,17,16,2748023,3.9664879078523,0.6186265544356797,0.5822367571159339
MS,2018,8,2018-08-01,66,17,12,2748023,2.4017266231032273,0.6186265544356797,0.4366775678369504
MS,2018,9,2018-09-01,77,23,12,2748023,2.8020143936204316,0.836965338354155,0.4366775678369504
MS,2018,10,2018-10-01,103,24,22,2748023,3.7481491239338247,0.8733551356739008,0.8005755410344091
MS,2018,11,2018-11-01,553,41,10,2748023,20.123557917819465,1.4919816901095806,0.3638979731974587
MS,2018,12,2018-12-01,2678,39,5,2748023,97.45187722227944,1.4192020954700888,0.18194898659872935
MS,2019,1,2019-01-01,2351,73,6,2778986,84.59920273078022,2.6268574220956853,0.2159060894873166
MS,2019,2,2019-02-01,6776,100,20,2778986,243.8299437276762,3.59843482478861,0.719686964957722
MS,2019,3,2019-03-01,18881,102,22,2778986,679.4204792683374,3.670403521284382,0.7916556614534942
MS,2019,4,2019-04-01,14888,67,26,2778986,535.7349767145282,2.4109513326083687,0.9355930544450386
MS,2019,5,2019-05-01,11200,86,27,2778986,403.0247003763243,3.0946539493182046,0.9715774026929247
MS,2019,6,2019-06-01,6006,50,13,2778986,216.12199557680393,1.799217412394305,0.4677965272225193
MS,2019,7,2019-07-01,1336,24,6,2778986,48.075089259175826,0.8636243579492664,0.2159060894873166
MS,2019,8,2019-08-01,699,13,3,2778986,25.15305942527238,0.4677965272225193,0.1079530447436583
MS,2019,9,2019-09-01,330,19,1,2778986,11.874834921802412,0.6837026167098359,0.0359843482478861
MS,2019,10,2019-10-01,424,8,5,2778986,15.257363657103706,0.2878747859830888,0.1799217412394305
MS,2019,11,2019-11-01,998,37,2,2778986,35.91237955139033,1.3314208851717857,0.0719686964957722
MS,2019,12,2019-12-01,1412,72,1,2778986,50.809899726015175,2.590873073847799,0.0359843482478861
MS,2020,1,2020-01-01,7171,104,28,2809394,255.2507765019787,3.7018659540100107,0.9966562183873106
MS,2020,2,2020-02-01,18062,74,66,2809394,642.9144505897001,2.6340200057378924,2.3492610861986605
MS,2020,3,2020-03-01,11830,58,27,2809394,421.08725226863874,2.064502166659429,0.9610613534449066
MS,2020,4,2020-04-01,6553,37,8,2809394,233.25314996757305,1.3170100028689462,0.2847589195392316
MS,2020,5,2020-05-01,3995,23,3,2809394,142.20148544490377,0.8186818936752909,0.10678459482721184
MS,2020,6,2020-06-01,1278,11,5,2809394,45.490237396392246,0.39154351436644347,0.17797432471201977
MS,2020,7,2020-07-01,862,2,3,2809394,30.682773580352205,0.0711897298848079,0.10678459482721184
MS,2020,8,2020-08-01,600,6,3,2809394,21.356918965442368,0.21356918965442367,0.10678459482721184
MS,2020,9,2020-09-01,419,5,1,2809394,14.914248410867256,0.17797432471201977,0.03559486494240395
MS,2020,10,2020-10-01,368,11,2,2809394,13.098910298804654,0.39154351436644347,0.0711897298848079
MS,2020,11,2020-11-01,592,10,1,2809394,21.07216004590314,0.35594864942403953,0.03559486494240395
MS,2020,12,2020-12-01,622,6,1,2809394,22.140005994175255,0.21356918965442367,0.03559486494240395
MS,2021,1,2021-01-01,940,9,2,2839188,33.108057655921336,0.31699204138648096,0.07044267586366243
MS,2021,2,2021-02-01,2040,20,16,2839188,71.85152938093569,0.7044267586366243,0.5635414069092994
MS,2021,3,2021-03-01,2191,55,37,2839188,77.16995140864219,1.9371735862507167,1.303189503477755
MS,2021,4,2021-04-01,2311,83,38,2839188,81.39651196046194,2.9233710483419904,1.338410841409586
MS,2021,5,2021-05-01,1402,51,21,2839188,49.38031578042736,1.796288234523392,0.7396480965684554
MS,2021,6,2021-06-01,327,37,24,2839188,11.517377503708808,1.303189503477755,0.8453121103639492
MS,2021,7,2021-07-01,129,13,16,2839188,4.543552593206226,0.45787739311380576,0.5635414069092994
MS,2021,8,2021-08-01,76,34,8,2839188,2.676821682819172,1.1975254896822611,0.2817707034546497
MS,2021,9,2021-09-01,67,20,6,2839188,2.3598296414326914,0.7044267586366243,0.2113280275909873
MS,2021,10,2021-10-01,93,19,3,2839188,3.275584427660303,0.669205420704793,0.10566401379549364
MS,2021,11,2021-11-01,107,44,3,2839188,3.7686831587059397,1.5497388690005733,0.10566401379549364
MS,2021,12,2021-12-01,217,26,5,2839188,7.643030331207374,0.9157547862276115,0.17610668965915607
MS,2022,1,2022-01-01,370,28,4,2839188,13.03189503477755,0.986197462091274,0.14088535172732486
MS,2022,2,2022-02-01,745,45,14,2839188,26.239896759214254,1.5849602069324047,0.493098731045637
MS,2022,3,2022-03-01,2074,193,33,2839188,73.04905487061794,6.797718220843424,1.16230415175043
MS,2022,4,2022-04-01,5785,142,32,2839188,203.75543993564355,5.001429986320033,1.1270828138185989
MS,2022,5,2022-05-01,5397,374,44,2839188,190.08956081809308,13.172780386504874,1.5497388690005733
MS,2022,6,2022-06-01,2484,189,49,2839188,87.48980342266874,6.656832869116099,1.7258455586597294
MS,2022,7,2022-07-01,1937,60,46,2839188,68.22373157395705,2.1132802759098728,1.620181544864236
MS,2022,8,2022-08-01,991,44,31,2839188,34.90434589044473,1.5497388690005733,1.0918614758867675
MS,2022,9,2022-09-01,745,55,12,2839188,26.239896759214254,1.9371735862507167,0.4226560551819746
MS,2022,10,2022-10-01,1279,89,19,2839188,45.04809121481212,3.1346990759329785,0.669205420704793
MS,2022,11,2022-11-01,2320,30,31,2839188,81.71350400184842,1.0566401379549364,1.0918614758867675
MS,2022,12,2022-12-01,2239,22,37,2839188,78.86057562937009,0.7748694345002867,1.303189503477755
MS,2023,1,2023-01-01,2402,44,35,2839188,84.60165371225858,1.5497388690005733,1.2327468276140925
MS,2023,2,2023-02-01,5643,135,189,2839188,198.75400994932355,4.754880620797214,6.656832869116099
MS,2023,3,2023-03-01,9967,238,501,2839188,351.0510751665617,8.38267842777583,17.645890303847438
MS,2023,4,2023-04-01,14063,356,707,2839188,495.3176753353423,12.538796303731914,24.901485917804667
MS,2023,5,2023-05-01,7509,265,492,2839188,264.47702653012055,9.333654551935272,17.328898262460957
MS,2023,6,2023-06-01,2670,104,252,2839188,94.04097227798934,3.663019144910446,8.875777158821466
MS,2023,7,2023-07-01,1403,46,125,2839188,49.41553711835919,1.620181544864236,4.402667241478902
MS,2023,8,2023-08-01,438,44,62,2839188,15.426946014142072,1.5497388690005733,2.183722951773535
MS,2023,9,2023-09-01,289,22,18,2839188,10.17896666229922,0.7748694345002867,0.6339840827729619
MS,2023,10,2023-10-01,267,29,14,2839188,9.404097227798934,1.0214188000231053,0.493098731045637
MS,2023,11,2023-11-01,250,35,20,2839188,8.805334482957804,1.2327468276140925,0.7044267586366243
MS,2023,12,2023-12-01,333,18,39,2839188,11.728705531299795,0.6339840827729619,1.3736321793414172
MS,2024,1,2024-01-01,1232,46,137,2901895,42.45501646337996,1.5851710692495766,4.721052967112869
MS,2024,2,2024-02-01,2603,148,318,2901895,89.70000637514453,5.100115614107334,10.958356522203594
MS,2024,3,2024-03-01,5220,215,471,2901895,179.88245611919106,7.4089517367099775,16.23077333949023
MS,2024,4,2024-04-01,4114,207,513,2901895,141.7694299759295,7.133269811623095,17.678103446196364
MS,2024,5,2024-05-01,3467,110,270,2901895,119.47365428452788,3.7906264699446397,9.304264971682297
MS,2024,6,2024-06-01,1271,53,75,2901895,43.79896584817852,1.826392753700599,2.584518047689527
MS,2024,7,2024-07-01,220,20,38,2901895,7.581252939889279,0.6892048127172072,1.3094891441626937
MS,2024,8,2024-08-01,162,53,21,2901895,5.5825589830093785,1.826392753700599,0.7236650533530676
MS,2024,9,2024-09-01,113,71,17,2901895,3.8940071918522206,2.4466770851460855,0.585824090809626
MS,2024,10,2024-10-01,142,75,38,2901895,4.893354170292171,2.584518047689527,1.3094891441626937
MS,2024,11,2024-11-01,187,58,18,2901895,6.444064998905887,1.998693956879901,0.6202843314454864
MS,2024,12,2024-12-01,215,62,14,2901895,7.4089517367099775,2.1365349194233425,0.48244336890204503
MS,2025,1,2025-01-01,812,292,86,2924631,27.764186319573305,9.984165523787444,2.940541900841508
MS,2025,2,2025-02-01,1537,521,0,2924631,52.553638390620904,17.814213143470067,0
MS,2025,3,2025-03-01,3499,682,0,2924631,119.63902454702833,23.31918112062684,0
MS,2025,4,2025-04-01,4197,746,0,2924631,143.50528323060243,25.50749137241587,0
MS,2025,5,2025-05-01,1608,448,0,2924631,54.98129507619935,15.318171762523203,0
MS,2025,6,2025-06-01,0,249,0,2924631,0,8.513894573366692,0
MS,2025,7,2025-07-01,0,104,0,2924631,0,3.5560041591571725,0
MS,2025,8,2025-08-01,0,114,0,2924631,0,3.897927635999208,0
MS,2025,9,2025-09-01,0,150,0,2924631,0,5.128852152630537,0
MS,2025,10,2025-10-01,0,121,0,2924631,0,4.137274069788633,0
MS,2025,11,2025-11-01,0,136,0,2924631,0,4.650159285051687,0
MS,2025,12,2025-12-01,0,53,0,2924631,0,1.81219442726279,0
MT,2016,1,2016-01-01,6878,8087,8,3305531,208.07549528351117,244.65055689993528,0.2420186045751802
MT,2016,2,2016-02-01,6552,10660,13,3305531,198.2132371470726,322.4897905964276,0.3932802324346678
MT,2016,3,2016-03-01,3236,5517,4,3305531,97.8965255506604,166.90208018015866,0.1210093022875901
MT,2016,4,2016-04-01,1669,1261,6,3305531,50.49113137949698,38.14818254616278,0.18151395343138516
MT,2016,5,2016-05-01,569,364,6,3305531,17.21357325040969,11.0118465081707,0.18151395343138516
MT,2016,6,2016-06-01,299,142,5,3305531,9.04544534599736,4.2958302312094485,0.15126162785948763
MT,2016,7,2016-07-01,232,107,1,3305531,7.018539532680227,3.236998836193035,0.030252325571897526
MT,2016,8,2016-08-01,243,89,2,3305531,7.351315113971099,2.69245697589888,0.06050465114379505
MT,2016,9,2016-09-01,235,38,2,3305531,7.109296509395918,1.1495883717321058,0.06050465114379505
MT,2016,10,2016-10-01,337,50,1,3305531,10.195033717729467,1.5126162785948762,0.030252325571897526
MT,2016,11,2016-11-01,394,76,3,3305531,11.919416275327626,2.2991767434642116,0.09075697671569258
MT,2016,12,2016-12-01,738,129,21,3305531,22.326216272060375,3.9025499987747807,0.635298837009848
MT,2017,1,2017-01-01,1152,248,96,3344544,34.44415740979936,7.415061664609586,2.8703464508166134
MT,2017,2,2017-02-01,1466,389,204,3344544,43.832582259345365,11.630883014246486,6.099486207985304
MT,2017,3,2017-03-01,1642,706,253,3344544,49.094884085842494,21.109006190380512,7.564558875589617
MT,2017,4,2017-04-01,1681,466,240,3344544,50.26096233148674,13.93314006333898,7.175866127041534
MT,2017,5,2017-05-01,862,313,199,3344544,25.77331917295751,9.358525407350001,5.9499889970052715
MT,2017,6,2017-06-01,557,132,78,3344544,16.65398930317556,3.9467263698728434,2.3321564912884982
MT,2017,7,2017-07-01,407,88,58,3344544,12.169072973774602,2.6311509132485624,1.7341676473683705
MT,2017,8,2017-08-01,291,62,47,3344544,8.70073767903786,1.8537654161523964,1.4052737832123003
MT,2017,9,2017-09-01,242,44,25,3344544,7.235665011433547,1.3155754566242812,0.7474860549001597
MT,2017,10,2017-10-01,237,36,22,3344544,7.086167800453515,1.07637991905623,0.6577877283121406
MT,2017,11,2017-11-01,294,51,27,3344544,8.79043600562588,1.524871551996326,0.8072849392921726
MT,2017,12,2017-12-01,591,88,35,3344544,17.670570337839777,2.6311509132485624,1.0464804768602238
MT,2018,1,2018-01-01,1270,191,231,3441998,36.89717425750974,5.549102585184535,6.711218309830512
MT,2018,2,2018-02-01,1365,185,285,3441998,39.65719910354393,5.374785226487639,8.280074538102578
MT,2018,3,2018-03-01,1383,184,355,3441998,40.18015117963462,5.3457323333714895,10.313777056233038
MT,2018,4,2018-04-01,807,189,319,3441998,23.445684744732567,5.490996798952237,9.267872904051657
MT,2018,5,2018-05-01,632,183,226,3441998,18.36142844940642,5.31667944025534,6.565953844249764
MT,2018,6,2018-06-01,447,47,162,3441998,12.986643222918781,1.3654859764590217,4.706568684816203
MT,2018,7,2018-07-01,213,36,81,3441998,6.188266233739823,1.0459041521813783,2.3532843424081014
MT,2018,8,2018-08-01,163,25,58,3441998,4.735621577932352,0.726322327903735,1.685067800736665
MT,2018,9,2018-09-01,167,10,21,3441998,4.85183315039695,0.290528931161494,0.6101107554391374
MT,2018,10,2018-10-01,124,21,28,3441998,3.6025587464025257,0.6101107554391374,0.8134810072521832
MT,2018,11,2018-11-01,246,9,7,3441998,7.147011706572752,0.2614760380453446,0.2033702518130458
MT,2018,12,2018-12-01,499,22,14,3441998,14.497393664958551,0.6391636485552867,0.4067405036260916
MT,2019,1,2019-01-01,741,29,19,3474799,21.324974480538298,0.8345806476863842,0.5467942174496999
MT,2019,2,2019-02-01,917,42,19,3474799,26.39001565270394,1.2087030069940736,0.5467942174496999
MT,2019,3,2019-03-01,1248,44,18,3474799,35.91574649353819,1.2662602930414104,0.5180155744260315
MT,2019,4,2019-04-01,1462,45,28,3474799,42.07437610060323,1.295038936065079,0.8058020046627158
MT,2019,5,2019-05-01,1795,67,34,3474799,51.657664227484815,1.928169082585784,0.9784738628047264
MT,2019,6,2019-06-01,1522,44,19,3474799,43.80109468202333,1.2662602930414104,0.5467942174496999
MT,2019,7,2019-07-01,512,51,14,3474799,14.73466522811823,1.4677107942070895,0.4029010023313579
MT,2019,8,2019-08-01,368,22,7,3474799,10.590540632709978,0.6331301465207052,0.20145050116567895
MT,2019,9,2019-09-01,213,11,3,3474799,6.129850964041373,0.3165650732603526,0.08633592907100526
MT,2019,10,2019-10-01,257,16,7,3474799,7.396111257082784,0.4604582883786947,0.20145050116567895
MT,2019,11,2019-11-01,748,16,18,3474799,21.52642498170398,0.4604582883786947,0.5180155744260315
MT,2019,12,2019-12-01,1316,43,12,3474799,37.87269421914764,1.237481650017742,0.34534371628402105
MT,2020,1,2020-01-01,4602,139,18,3526220,130.50802275524498,3.9418981232027495,0.5104616274651043
MT,2020,2,2020-02-01,9211,192,50,3526220,261.2145583656153,5.444924026294445,1.4179489651808452
MT,2020,3,2020-03-01,6023,130,30,3526220,170.80613234568463,3.6866673094701974,0.8507693791085071
MT,2020,4,2020-04-01,4390,96,26,3526220,124.49591914287821,2.7224620131472226,0.7373334618940395
MT,2020,5,2020-05-01,4924,94,20,3526220,139.63961409100963,2.665744054539989,0.5671795860723381
MT,2020,6,2020-06-01,2463,59,13,3526220,69.84816602480844,1.6731797789133973,0.36866673094701974
MT,2020,7,2020-07-01,1246,40,4,3526220,35.335288212306665,1.1343591721446762,0.11343591721446762
MT,2020,8,2020-08-01,710,26,5,3526220,20.134875305568002,0.7373334618940395,0.14179489651808452
MT,2020,9,2020-09-01,354,10,5,3526220,10.039078673480384,0.28358979303616905,0.14179489651808452
MT,2020,10,2020-10-01,311,7,1,3526220,8.819642563424857,0.19851285512531835,0.028358979303616905
MT,2020,11,2020-11-01,351,28,2,3526220,9.954001735569532,0.7940514205012734,0.05671795860723381
MT,2020,12,2020-12-01,493,23,11,3526220,13.980976796683134,0.6522565239831888,0.31194877233978596
MT,2021,1,2021-01-01,1394,31,12,3567234,39.077896207537826,0.869020647369923,0.33639508930448636
MT,2021,2,2021-02-01,2272,36,22,3567234,63.69080357498274,1.009185267913459,0.6167243303915583
MT,2021,3,2021-03-01,2261,43,15,3567234,63.38244140978696,1.2054157366744094,0.4204938616306079
MT,2021,4,2021-04-01,2280,47,30,3567234,63.915066967852404,1.3175474331092383,0.8409877232612158
MT,2021,5,2021-05-01,3216,44,36,3567234,90.15388393360233,1.2334486607831165,1.009185267913459
MT,2021,6,2021-06-01,2179,47,17,3567234,61.08374163287298,1.3175474331092383,0.47655970984802226
MT,2021,7,2021-07-01,1491,28,11,3567234,41.79708984608243,0.7849218750438015,0.30836216519577914
MT,2021,8,2021-08-01,547,37,8,3567234,15.334009487462836,1.0372181920221664,0.22426339286965755
MT,2021,9,2021-09-01,402,19,8,3567234,11.269235491700291,0.5326255580654368,0.22426339286965755
MT,2021,10,2021-10-01,781,11,8,3567234,21.89371372890032,0.30836216519577914,0.22426339286965755
MT,2021,11,2021-11-01,1470,23,6,3567234,41.20839843979958,0.6447572545002654,0.16819754465224318
MT,2021,12,2021-12-01,3448,35,11,3567234,96.6575223268224,0.9811523438047517,0.30836216519577914
MT,2022,1,2022-01-01,3994,29,18,3567234,111.96349889017654,0.8129547991525087,0.5045926339567295
MT,2022,2,2022-02-01,4277,21,13,3567234,119.89681641294068,0.5886914062828511,0.36442801341319353
MT,2022,3,2022-03-01,5588,34,26,3567234,156.6479799194558,0.9531194196960445,0.7288560268263871
MT,2022,4,2022-04-01,9114,82,39,3567234,255.49207032675736,2.29869977691399,1.0932840402395807
MT,2022,5,2022-05-01,5149,107,22,3567234,144.34152623573334,2.9995228796316695,0.6167243303915583
MT,2022,6,2022-06-01,2230,39,10,3567234,62.51342076241704,1.0932840402395807,0.28032924108707197
MT,2022,7,2022-07-01,1218,25,9,3567234,34.14410156440537,0.7008231027176799,0.25229631697836474
MT,2022,8,2022-08-01,599,35,12,3567234,16.79172154111561,0.9811523438047517,0.33639508930448636
MT,2022,9,2022-09-01,418,6,7,3567234,11.717762277439608,0.16819754465224318,0.19623046876095038
MT,2022,10,2022-10-01,557,10,4,3567234,15.614338728549908,0.28032924108707197,0.11213169643482877
MT,2022,11,2022-11-01,882,23,3,3567234,24.72503906387975,0.6447572545002654,0.08409877232612159
MT,2022,12,2022-12-01,1326,6,7,3567234,37.17165736814574,0.16819754465224318,0.19623046876095038
MT,2023,1,2023-01-01,2171,17,7,3567234,60.85947824000332,0.47655970984802226,0.19623046876095038
MT,2023,2,2023-02-01,3657,59,34,3567234,102.51640346554221,1.6539425224137245,0.9531194196960445
MT,2023,3,2023-03-01,4347,217,39,3567234,121.85912110055017,6.083144531589461,1.0932840402395807
MT,2023,4,2023-04-01,6528,136,46,3567234,182.99892858164057,3.812477678784178,1.2895145090005309
MT,2023,5,2023-05-01,4259,159,55,3567234,119.39222377898395,4.457234933284444,1.5418108259788958
MT,2023,6,2023-06-01,2240,29,26,3567234,62.79375000350411,0.8129547991525087,0.7288560268263871
MT,2023,7,2023-07-01,1488,21,5,3567234,41.71299107375631,0.5886914062828511,0.14016462054353598
MT,2023,8,2023-08-01,754,9,6,3567234,21.136824777965224,0.25229631697836474,0.16819754465224318
MT,2023,9,2023-09-01,625,16,14,3567234,17.520577567942,0.4485267857393151,0.39246093752190075
MT,2023,10,2023-10-01,579,15,10,3567234,16.231063058941466,0.4204938616306079,0.28032924108707197
MT,2023,11,2023-11-01,746,12,5,3567234,20.912561385095568,0.33639508930448636,0.14016462054353598
MT,2023,12,2023-12-01,1209,32,11,3567234,33.891805247427,0.8970535714786302,0.30836216519577914
MT,2024,1,2024-01-01,2877,87,122,3836399,74.99219971645286,2.267751607692526,3.180065472856186
MT,2024,2,2024-02-01,6225,102,431,3836399,162.26153744696524,2.6587432641912376,11.234493596729642
MT,2024,3,2024-03-01,7898,220,487,3836399,205.87014020178816,5.734544295314434,12.694195780991498
MT,2024,4,2024-04-01,7568,488,1254,3836399,197.26832375881656,12.720261891424745,32.68690248329227
MT,2024,5,2024-05-01,8030,509,2290,3836399,209.31086677897684,13.267650210522941,59.691392892136605
MT,2024,6,2024-06-01,4277,294,1782,3836399,111.48475432299924,7.663436467374744,46.449808792046916
MT,2024,7,2024-07-01,1571,110,1128,3836399,40.94985949063171,2.867272147657217,29.402572568703096
MT,2024,8,2024-08-01,985,62,506,3836399,25.675118776748715,1.6160988468613406,13.1894518792232
MT,2024,9,2024-09-01,487,29,179,3836399,12.694195780991498,0.7559172025641755,4.665833767551289
MT,2024,10,2024-10-01,352,30,104,3836399,9.175270872503095,0.7819833129974229,2.7108754850577323
MT,2024,11,2024-11-01,868,117,144,3836399,22.625383856058768,3.049734920689949,3.75351990238763
MT,2024,12,2024-12-01,1880,504,576,3836399,49.00428761450517,13.137319658356702,15.01407960955052
MT,2025,1,2025-01-01,6178,432,655,3893659,158.66823468619106,11.094962347755672,16.82222300412029
MT,2025,2,2025-02-01,6991,516,0,3893659,179.54833743787012,13.25231613759705,0
MT,2025,3,2025-03-01,6357,496,0,3893659,163.2654528812102,12.738660473349103,0
MT,2025,4,2025-04-01,5374,589,0,3893659,138.01927698342357,15.12715931210206,0
MT,2025,5,2025-05-01,1476,468,0,3893659,37.90778802149855,12.019542543401977,0
MT,2025,6,2025-06-01,0,268,0,3893659,0,6.8829859009225,0
MT,2025,7,2025-07-01,0,119,0,3893659,0,3.0562512022752895,0
MT,2025,8,2025-08-01,0,89,0,3893659,0,2.285767705903367,0
MT,2025,9,2025-09-01,0,75,0,3893659,0,1.926208740929804,0
MT,2025,10,2025-10-01,0,86,0,3893659,0,2.208719356266175,0
MT,2025,11,2025-11-01,0,68,0,3893659,0,1.7464292584430223,0
MT,2025,12,2025-12-01,0,41,0,3893659,0,1.0529941117082928,0
PA,2016,1,2016-01-01,1473,597,12,8263872,17.824574243163493,7.224216444785205,0.1452103807997026
PA,2016,2,2016-02-01,2161,1750,28,8263872,26.149969409013114,21.176513866623296,0.3388242218659727
PA,2016,3,2016-03-01,1794,1787,43,8263872,21.70895192955554,21.62424587408905,0.520337197865601
PA,2016,4,2016-04-01,2001,788,100,8263872,24.21383099835041,9.535481672513805,1.2100865066641884
PA,2016,5,2016-05-01,993,461,110,8263872,12.016159011175391,5.5784987957219085,1.3310951573306073
PA,2016,6,2016-06-01,487,364,89,8263872,5.893121287454598,4.404714884257646,1.0769769909311278
PA,2016,7,2016-07-01,472,254,128,8263872,5.711608311454969,3.073619726927039,1.548910728530161
PA,2016,8,2016-08-01,311,189,262,8263872,3.7633690357256264,2.2870634975953164,3.1704266474601734
PA,2016,9,2016-09-01,265,93,211,8263872,3.206729242660099,1.1253804511976953,2.5532825290614376
PA,2016,10,2016-10-01,309,70,78,8263872,3.7391673055923422,0.8470605546649319,0.9438674751980669
PA,2016,11,2016-11-01,255,86,115,8263872,3.08572059199368,1.040674395731202,1.3915994826638167
PA,2016,12,2016-12-01,423,229,46,8263872,5.118665923189517,2.771098100260992,0.5566397930655267
PA,2017,1,2017-01-01,1499,476,131,8358569,17.933691759917277,5.694754688272598,1.5672539163103159
PA,2017,2,2017-02-01,2329,380,118,8358569,27.863621153333785,4.546232734335267,1.4117249017146356
PA,2017,3,2017-03-01,1519,187,262,8358569,18.172967166987554,2.237225056107092,3.1345078326206317
PA,2017,4,2017-04-01,690,91,245,8358569,8.255001543924564,1.0887031021697613,2.931123736610896
PA,2017,5,2017-05-01,437,71,342,8358569,5.228167644485557,0.8494276950994841,4.09160946090174
PA,2017,6,2017-06-01,208,58,251,8358569,2.488464233530883,0.693898680503804,3.002906358731979
PA,2017,7,2017-07-01,241,48,268,8358569,2.8832686551968405,0.5742609769686653,3.2062904547417146
PA,2017,8,2017-08-01,231,40,253,8358569,2.763630951661702,0.4785508141405544,3.026833899439007
PA,2017,9,2017-09-01,192,32,164,8358569,2.297043907874661,0.3828406513124436,1.9620583379762733
PA,2017,10,2017-10-01,182,31,123,8358569,2.1774062043395226,0.37087688095892973,1.471543753482205
PA,2017,11,2017-11-01,175,29,193,8358569,2.0936598118649257,0.346949340251902,2.309007678228175
PA,2017,12,2017-12-01,186,24,176,8358569,2.225261285753578,0.28713048848433265,2.1056235822184393
PA,2018,1,2018-01-01,265,61,275,8504598,3.115961506940128,0.7172590638616899,3.233544960032208
PA,2018,2,2018-02-01,416,74,512,8504598,4.8914716486305405,0.8701175528813944,6.020272798314512
PA,2018,3,2018-03-01,824,100,613,8504598,9.688876534787417,1.1758345309208031,7.207865674544522
PA,2018,4,2018-04-01,587,107,737,8504598,6.902148696505114,1.2581429480852593,8.665900492886319
PA,2018,5,2018-05-01,429,85,759,8504598,5.044330137650245,0.9994593512826826,8.924584089688896
PA,2018,6,2018-06-01,278,60,652,8504598,3.2688199959598325,0.7055007185524819,7.666441141603637
PA,2018,7,2018-07-01,122,37,553,8504598,1.4345181277233798,0.4350587764406972,6.502364955992041
PA,2018,8,2018-08-01,234,61,720,8504598,2.751452802354679,0.7172590638616899,8.466008622629783
PA,2018,9,2018-09-01,181,45,577,8504598,2.1282605009666535,0.5291255389143614,6.7845652434130335
PA,2018,10,2018-10-01,96,67,420,8504598,1.128801149683971,0.7878091357169381,4.938505029867373
PA,2018,11,2018-11-01,140,76,274,8504598,1.6461683432891243,0.8936342434998102,3.2217866147230003
PA,2018,12,2018-12-01,244,39,217,8504598,2.8690362554467597,0.4585754670591132,2.5515609320981425
PA,2019,1,2019-01-01,501,59,309,8594626,5.829223982521171,0.6864754789795391,3.5952698814352133
PA,2019,2,2019-02-01,813,93,552,8594626,9.459399396785852,1.0820715177135107,6.422618040622129
PA,2019,3,2019-03-01,900,56,399,8594626,10.471659848840426,0.651569946150071,4.642435866319256
PA,2019,4,2019-04-01,683,41,254,8594626,7.946826307508901,0.4770422820027305,2.9553351128949648
PA,2019,5,2019-05-01,678,25,226,8594626,7.888650419459789,0.2908794402455674,2.6295501398199295
PA,2019,6,2019-06-01,464,17,127,8594626,5.398722410957731,0.19779801936698582,1.4776675564474824
PA,2019,7,2019-07-01,195,11,142,8594626,2.2688596339154254,0.12798695370804966,1.652195220594823
PA,2019,8,2019-08-01,265,16,87,8594626,3.0833220666030146,0.18616284175716313,1.0122604520545746
PA,2019,9,2019-09-01,249,16,13,8594626,2.8971592248458515,0.18616284175716313,0.15125730892769507
PA,2019,10,2019-10-01,233,21,22,8594626,2.710996383088688,0.2443387298062766,0.2559739074160993
PA,2019,11,2019-11-01,319,29,13,8594626,3.71162165753344,0.3374201506848582,0.15125730892769507
PA,2019,12,2019-12-01,164,28,21,8594626,1.908169128010922,0.3257849730750355,0.2443387298062766
PA,2020,1,2020-01-01,534,69,19,8683155,6.149838393993888,0.7946420396733676,0.21881447469266643
PA,2020,2,2020-02-01,975,79,25,8683155,11.228637517123671,0.9098075526695079,0.28791378249035054
PA,2020,3,2020-03-01,607,152,44,8683155,6.9905466388657125,1.7505157975413315,0.5067282571830171
PA,2020,4,2020-04-01,375,55,22,8683155,4.318706737355258,0.6334103214787713,0.25336412859150853
PA,2020,5,2020-05-01,420,17,4,8683155,4.8369515458378896,0.1957813720934384,0.04606620519845609
PA,2020,6,2020-06-01,139,9,6,8683155,1.6008006306463494,0.1036489616965262,0.06909930779768414
PA,2020,7,2020-07-01,78,9,11,8683155,0.8982910013698937,0.1036489616965262,0.12668206429575427
PA,2020,8,2020-08-01,96,4,6,8683155,1.1055889247629462,0.04606620519845609,0.06909930779768414
PA,2020,9,2020-09-01,60,9,5,8683155,0.6909930779768414,0.1036489616965262,0.05758275649807011
PA,2020,10,2020-10-01,74,14,6,8683155,0.8522247961714378,0.1612317181945963,0.06909930779768414
PA,2020,11,2020-11-01,112,16,11,8683155,1.2898537455567705,0.18426482079382436,0.12668206429575427
PA,2020,12,2020-12-01,118,8,5,8683155,1.3589530533544547,0.09213241039691218,0.05758275649807011
PA,2021,1,2021-01-01,310,18,6,8770172,3.534708327271119,0.2052411286802585,0.06841370956008616
PA,2021,2,2021-02-01,361,14,57,8770172,4.116224858531851,0.1596319889735344,0.6499302408208185
PA,2021,3,2021-03-01,574,30,35,8770172,6.54491154791491,0.34206854780043083,0.3990799724338359
PA,2021,4,2021-04-01,482,23,27,8770172,5.495901334660255,0.26225255331366365,0.30786169302038774
PA,2021,5,2021-05-01,478,54,33,8770172,5.450292194953531,0.6157233860407755,0.37627540258047393
PA,2021,6,2021-06-01,271,25,18,8770172,3.0900192151305585,0.2850571231670257,0.2052411286802585
PA,2021,7,2021-07-01,207,26,9,8770172,2.3602729798229727,0.2964594080937067,0.10262056434012926
PA,2021,8,2021-08-01,154,13,6,8770172,1.7559518787088781,0.14822970404685334,0.06841370956008616
PA,2021,9,2021-09-01,102,13,1,8770172,1.1630330625214647,0.14822970404685334,0.011402284926681027
PA,2021,10,2021-10-01,138,5,5,8770172,1.5735153198819818,0.05701142463340513,0.05701142463340513
PA,2021,11,2021-11-01,444,17,9,8770172,5.062614507446376,0.1938388437535775,0.10262056434012926
PA,2021,12,2021-12-01,1430,20,14,8770172,16.30526744515387,0.22804569853362053,0.1596319889735344
PA,2022,1,2022-01-01,989,43,18,8770172,11.276859792487535,0.49029825184728415,0.2052411286802585
PA,2022,2,2022-02-01,910,49,7,8770172,10.376079283279735,0.5587119614073703,0.0798159944867672
PA,2022,3,2022-03-01,847,61,25,8770172,9.657735332898831,0.6955393805275427,0.2850571231670257
PA,2022,4,2022-04-01,873,77,16,8770172,9.954194740992538,0.8779759393544391,0.18243655882689644
PA,2022,5,2022-05-01,672,140,44,8770172,7.6623354707296505,1.5963198897353437,0.5017005367739652
PA,2022,6,2022-06-01,353,60,27,8770172,4.025006579118402,0.6841370956008617,0.30786169302038774
PA,2022,7,2022-07-01,327,22,8,8770172,3.728547171024696,0.2508502683869826,0.09121827941344822
PA,2022,8,2022-08-01,166,23,10,8770172,1.8927792978290505,0.26225255331366365,0.11402284926681026
PA,2022,9,2022-09-01,151,23,4,8770172,1.7217450239288352,0.26225255331366365,0.04560913970672411
PA,2022,10,2022-10-01,215,15,4,8770172,2.4514912592364206,0.17103427390021542,0.04560913970672411
PA,2022,11,2022-11-01,255,39,2,8770172,2.9075826563036618,0.4446891121405601,0.022804569853362055
PA,2022,12,2022-12-01,365,35,5,8770172,4.161833998238575,0.3990799724338359,0.05701142463340513
PA,2023,1,2023-01-01,670,40,4,8770172,7.639530900876289,0.45609139706724106,0.04560913970672411
PA,2023,2,2023-02-01,859,28,7,8770172,9.794562752019003,0.3192639779470688,0.0798159944867672
PA,2023,3,2023-03-01,947,62,26,8770172,10.797963825566933,0.7069416654542237,0.2964594080937067
PA,2023,4,2023-04-01,845,46,25,8770172,9.63493076304547,0.5245051066273273,0.2850571231670257
PA,2023,5,2023-05-01,509,62,24,8770172,5.803763027680643,0.7069416654542237,0.27365483824034464
PA,2023,6,2023-06-01,426,28,27,8770172,4.857373378766118,0.3192639779470688,0.30786169302038774
PA,2023,7,2023-07-01,359,37,24,8770172,4.093420288678489,0.42188454228719807,0.27365483824034464
PA,2023,8,2023-08-01,327,55,40,8770172,3.728547171024696,0.6271256709674565,0.45609139706724106
PA,2023,9,2023-09-01,280,24,13,8770172,3.1926397794706873,0.27365483824034464,0.14822970404685334
PA,2023,10,2023-10-01,203,36,12,8770172,2.3146638401162485,0.410482257360517,0.13682741912017232
PA,2023,11,2023-11-01,196,26,4,8770172,2.2348478456294814,0.2964594080937067,0.04560913970672411
PA,2023,12,2023-12-01,256,21,5,8770172,2.918984941230343,0.23944798346030158,0.05701142463340513
PA,2024,1,2024-01-01,1056,53,12,8664306,12.187935190654624,0.6117050805915673,0.13849926353016617
PA,2024,2,2024-02-01,3393,212,64,8664306,39.16066676315449,2.446820322366269,0.738662738827553
PA,2024,3,2024-03-01,5588,169,83,8664306,64.49449038388072,1.950531294716507,0.9579532394169827
PA,2024,4,2024-04-01,3500,154,75,8664306,40.395618529631804,1.7774072153037992,0.8656203970635387
PA,2024,5,2024-05-01,1925,78,109,8664306,22.21759019129749,0.9002452129460802,1.2580349770656762
PA,2024,6,2024-06-01,1543,54,73,8664306,17.808696968920533,0.6232466858857478,0.8425371864751775
PA,2024,7,2024-07-01,904,42,21,8664306,10.433611185939185,0.4847474223555816,0.2423737111777908
PA,2024,8,2024-08-01,926,43,4,8664306,10.687526502411156,0.4962890276497621,0.04616642117672206
PA,2024,9,2024-09-01,613,28,7,8664306,7.075004045332656,0.32316494823705444,0.08079123705926361
PA,2024,10,2024-10-01,437,24,8,8664306,5.043681513556884,0.27699852706033234,0.09233284235344412
PA,2024,11,2024-11-01,796,35,8,8664306,9.187117814167689,0.403956185296318,0.09233284235344412
PA,2024,12,2024-12-01,657,24,5,8664306,7.5828346782765985,0.27699852706033234,0.05770802647090257
PA,2025,1,2025-01-01,1987,47,5,8711196,22.809726701132657,0.5395355586075666,0.057397399851868786
PA,2025,2,2025-02-01,3380,94,0,8711196,38.8006422998633,1.0790711172151333,0
PA,2025,3,2025-03-01,3906,49,0,8711196,44.8388487642799,0.5624945185483141,0
PA,2025,4,2025-04-01,2892,63,0,8711196,33.19865607432091,0.7232072381335468,0
PA,2025,5,2025-05-01,425,64,0,8711196,4.878778987408847,0.7346867181039205,0
PA,2025,6,2025-06-01,0,60,0,8711196,0,0.6887687982224254,0
PA,2025,7,2025-07-01,0,40,0,8711196,0,0.4591791988149503,0
PA,2025,8,2025-08-01,0,48,0,8711196,0,0.5510150385779404,0
PA,2025,9,2025-09-01,0,29,0,8711196,0,0.332904919140839,0
PA,2025,10,2025-10-01,0,24,0,8711196,0,0.2755075192889702,0
PA,2025,11,2025-11-01,0,24,0,8711196,0,0.2755075192889702,0
PA,2025,12,2025-12-01,0,13,0,8711196,0,0.14923323961485885,0
PB,2016,1,2016-01-01,4438,23,171,3976851,111.5958329844392,0.5783470389008791,4.2998845066108835
PB,2016,2,2016-02-01,6197,634,135,3976851,155.8268086986412,15.942261854919886,3.394645663113856
PB,2016,3,2016-03-01,8531,1367,596,3976851,214.5164603853652,34.373930529456594,14.986731964561912
PB,2016,4,2016-04-01,7739,766,1062,3976851,194.60120582843058,19.26147094774232,26.70454588316233
PB,2016,5,2016-05-01,3796,714,986,3976851,95.45240694207553,17.953903729357727,24.79348610244638
PB,2016,6,2016-06-01,2506,196,662,3976851,63.014681716765345,4.928522592372708,16.64633651097313
PB,2016,7,2016-07-01,1561,158,428,3976851,39.25216207496836,3.972992702014735,10.762284028242446
PB,2016,8,2016-08-01,306,291,251,3976851,7.69453016972474,7.317347318267644,6.311526381048725
PB,2016,9,2016-09-01,203,10,152,3976851,5.10454125638602,0.25145523430473005,3.8221195614318964
PB,2016,10,2016-10-01,321,5,83,3976851,8.071713021181834,0.12572761715236502,2.087078444729259
PB,2016,11,2016-11-01,122,9,67,3976851,3.0677538585177064,0.22630971087425705,1.6847500698416915
PB,2016,12,2016-12-01,75,9,29,3976851,1.8859142572854755,0.22630971087425705,0.7292201794837172
PB,2017,1,2017-01-01,170,17,37,4002896,4.246925226136278,0.4246925226136277,0.9243307845120132
PB,2017,2,2017-02-01,248,29,29,4002896,6.195514447539981,0.7244754797526591,0.7244754797526591
PB,2017,3,2017-03-01,386,46,32,4002896,9.643018454638842,1.1491680023662867,0.7994212190374168
PB,2017,4,2017-04-01,422,19,21,4002896,10.542367326055937,0.4746563488034663,0.5246201749933048
PB,2017,5,2017-05-01,316,9,37,4002896,7.894284537994492,0.22483721785427352,0.9243307845120132
PB,2017,6,2017-06-01,355,36,52,4002896,8.868579148696343,0.8993488714170941,1.2990594809358025
PB,2017,7,2017-07-01,393,15,59,4002896,9.817891846303278,0.37472869642378914,1.4739328726002374
PB,2017,8,2017-08-01,441,30,112,4002896,11.017023674859402,0.7494573928475783,2.797974266630959
PB,2017,9,2017-09-01,358,14,70,4002896,8.943524887981102,0.3497467833288699,1.7487339166443496
PB,2017,10,2017-10-01,284,23,55,4002896,7.094863318957075,0.5745840011831433,1.3740052202205604
PB,2017,11,2017-11-01,263,39,62,4002896,6.57024314396377,0.9742946107018519,1.5488786118849953
PB,2017,12,2017-12-01,225,12,30,4002896,5.620930446356837,0.29978295713903136,0.7494573928475783
PB,2018,1,2018-01-01,353,30,36,3973940,8.882871910496887,0.7549182926767892,0.9059019512121471
PB,2018,2,2018-02-01,392,23,39,3973940,9.864265690976714,0.5787706910522051,0.9813937804798261
PB,2018,3,2018-03-01,729,34,64,3973940,18.34451451204598,0.8555740650336945,1.6104923577104837
PB,2018,4,2018-04-01,1893,74,49,3973940,47.6353442679054,1.8621317886027469,1.2330332113720892
PB,2018,5,2018-05-01,2590,118,100,3973940,65.17461260109614,2.9693452845287043,2.516394308922631
PB,2018,6,2018-06-01,2086,140,101,3973940,52.49198528412608,3.522952032491683,2.5415582520118574
PB,2018,7,2018-07-01,1035,90,114,3973940,26.04468109734923,2.264754878030368,2.868689512171799
PB,2018,8,2018-08-01,739,36,89,3973940,18.596153942938244,0.9059019512121471,2.2395909349411416
PB,2018,9,2018-09-01,436,35,45,3973940,10.97147918690267,0.8807380081229208,1.132377439015184
PB,2018,10,2018-10-01,282,25,32,3973940,7.096231951161819,0.6290985772306578,0.8052461788552419
PB,2018,11,2018-11-01,259,49,25,3973940,6.517461260109614,1.2330332113720892,0.6290985772306578
PB,2018,12,2018-12-01,234,33,19,3973940,5.888362682878956,0.8304101219444682,0.4781149186952999
PB,2019,1,2019-01-01,329,23,15,4018127,8.187894509058573,0.5724059991135173,0.37330826029142433
PB,2019,2,2019-02-01,548,27,18,4018127,13.63819510931337,0.6719548685245638,0.44796991234970923
PB,2019,3,2019-03-01,1287,30,18,4018127,32.02984873300421,0.7466165205828487,0.44796991234970923
PB,2019,4,2019-04-01,2247,93,48,4018127,55.92157739165536,2.314511213806831,1.1945864329325577
PB,2019,5,2019-05-01,2948,111,111,4018127,73.36751675594127,2.76248112615654,2.76248112615654
PB,2019,6,2019-06-01,3371,71,64,4018127,83.89480969615943,1.766992432046075,1.5927819105767438
PB,2019,7,2019-07-01,2471,98,55,4018127,61.496314078673976,2.438947300570639,1.3687969544018892
PB,2019,8,2019-08-01,2727,84,64,4018127,67.86744172098095,2.0905262576319763,1.5927819105767438
PB,2019,9,2019-09-01,1216,76,94,4018127,30.262856300958134,1.8914285188098834,2.3393984311595926
PB,2019,10,2019-10-01,739,49,60,4018127,18.39165362369084,1.2194736502853194,1.4932330411656973
PB,2019,11,2019-11-01,665,32,40,4018127,16.54999953958648,0.7963909552883719,0.9954886941104648
PB,2019,12,2019-12-01,358,14,25,4018127,8.909623812288661,0.3484210429386627,0.6221804338190406
PB,2020,1,2020-01-01,609,24,23,4039277,15.07695560368848,0.5941657380763934,0.5694088323232104
PB,2020,2,2020-02-01,837,16,26,4039277,20.721530115414218,0.3961104920509289,0.6436795495827594
PB,2020,3,2020-03-01,508,14,15,4039277,12.576508122616993,0.3465966805445628,0.37135358629774584
PB,2020,4,2020-04-01,438,18,25,4039277,10.843524719894178,0.44562430355729504,0.6189226438295764
PB,2020,5,2020-05-01,985,54,65,4039277,24.38555216688531,1.336872910671885,1.6091988739568988
PB,2020,6,2020-06-01,729,96,194,4039277,18.047784294070446,2.3766629523055736,4.802839716117513
PB,2020,7,2020-07-01,801,141,460,4039277,19.83028150829963,3.490723711198811,11.388176646464206
PB,2020,8,2020-08-01,738,97,205,4039277,18.270596445849094,2.4014198580587567,5.075165679402527
PB,2020,9,2020-09-01,420,56,174,4039277,10.397900416336885,1.386386722178251,4.307701601053852
PB,2020,10,2020-10-01,392,38,76,4039277,9.704707055247757,0.9407624186209562,1.8815248372419124
PB,2020,11,2020-11-01,234,32,41,4039277,5.793115946244836,0.7922209841018578,1.0150331358805054
PB,2020,12,2020-12-01,194,38,30,4039277,4.802839716117513,0.9407624186209562,0.7427071725954917
PB,2021,1,2021-01-01,169,22,41,4059905,4.162658978473634,0.541884600748047,1.009875846848633
PB,2021,2,2021-02-01,336,44,87,4059905,8.276055720515629,1.083769201496094,2.142907284776368
PB,2021,3,2021-03-01,427,86,150,4059905,10.517487478155276,2.1182761665605474,3.6946677323730484
PB,2021,4,2021-04-01,638,144,247,4059905,15.714653421693365,3.5468810230781265,6.083886199307619
PB,2021,5,2021-05-01,1598,333,584,4059905,39.36052690888087,8.202162365868167,14.384573038039067
PB,2021,6,2021-06-01,2167,559,956,4059905,53.375633173682644,13.76879508264356,23.54734901432423
PB,2021,7,2021-07-01,3235,557,1283,4059905,79.68166742817874,13.71953284621192,31.601724670897475
PB,2021,8,2021-08-01,1982,263,927,4059905,48.81887630375588,6.477984090760745,22.833046586065436
PB,2021,9,2021-09-01,1911,195,626,4059905,47.07006691043263,4.803068052084963,15.419080003103522
PB,2021,10,2021-10-01,1651,152,439,4059905,40.66597617431935,3.7439299688046885,10.813060896745121
PB,2021,11,2021-11-01,875,124,338,4059905,21.552228438842782,3.0542586587617198,8.325317956947268
PB,2021,12,2021-12-01,1010,51,303,4059905,24.877429397978524,1.2561870290068364,7.4632288193935565
PB,2022,1,2022-01-01,580,42,212,4059905,14.286048565175788,1.0345069650644536,5.221797061753908
PB,2022,2,2022-02-01,1103,129,416,4059905,27.16812339204981,3.177414249840821,10.246545177781254
PB,2022,3,2022-03-01,2269,302,831,4059905,55.88800723169631,7.438597701177738,20.468459237346686
PB,2022,4,2022-04-01,4439,275,1263,4059905,109.3375337600264,6.773557509350589,31.109102306581065
PB,2022,5,2022-05-01,5819,527,2222,4059905,143.32847689785845,12.980599299737309,54.73034467555275
PB,2022,6,2022-06-01,5180,462,1538,4059905,127.58919235794926,11.379576615708988,37.88265981593165
PB,2022,7,2022-07-01,4375,396,1232,4059905,107.7611421942139,9.753922813464847,30.345537641890637
PB,2022,8,2022-08-01,2356,249,692,4059905,58.03091451647268,6.13314843573926,17.04473380534766
PB,2022,9,2022-09-01,1205,92,314,4059905,29.680497450063488,2.2660628758554697,7.73417111976758
PB,2022,10,2022-10-01,781,48,171,4059905,19.236903326555673,1.1822936743593755,4.211921214905275
PB,2022,11,2022-11-01,474,31,107,4059905,11.675150034298833,0.7635646646904299,2.635529649092774
PB,2022,12,2022-12-01,312,14,37,4059905,7.6849088833359405,0.3448356550214845,0.9113513739853518
PB,2023,1,2023-01-01,390,15,42,4059905,9.606136104169925,0.3694667732373048,1.0345069650644536
PB,2023,2,2023-02-01,487,16,31,4059905,11.995354571104496,0.3940978914531251,0.7635646646904299
PB,2023,3,2023-03-01,842,26,73,4059905,20.73940153772071,0.6404090736113284,1.7980716297548833
PB,2023,4,2023-04-01,1607,34,124,4059905,39.58220697282326,0.8374580193378909,3.0542586587617198
PB,2023,5,2023-05-01,928,52,127,4059905,22.857677704281258,1.2808181472226567,3.128152013409181
PB,2023,6,2023-06-01,677,20,59,4059905,16.67526703211036,0.49262236431640644,1.453235974733399
PB,2023,7,2023-07-01,541,10,69,4059905,13.325434954758794,0.24631118215820322,1.6995471568916023
PB,2023,8,2023-08-01,335,32,64,4059905,8.251424602299808,0.7881957829062503,1.5763915658125005
PB,2023,9,2023-09-01,386,20,66,4059905,9.507611631306643,0.49262236431640644,1.6256538022441414
PB,2023,10,2023-10-01,317,16,53,4059905,7.808064474415041,0.3940978914531251,1.305449265438477
PB,2023,11,2023-11-01,332,15,38,4059905,8.177531247652347,0.3694667732373048,0.9359824922011721
PB,2023,12,2023-12-01,386,37,48,4059905,9.507611631306643,0.9113513739853518,1.1822936743593755
PB,2024,1,2024-01-01,319,29,62,4145040,7.695945033099802,0.6996313666454365,1.4957636114488642
PB,2024,2,2024-02-01,1135,164,168,4145040,27.382124177330017,3.9565360044776408,4.053036882635632
PB,2024,3,2024-03-01,4275,1130,409,4145040,103.13531353135312,27.261498079632524,9.867214791654604
PB,2024,4,2024-04-01,2708,624,422,4145040,65.33109451296008,15.054136992646633,10.180842645668076
PB,2024,5,2024-05-01,1645,106,217,4145040,39.685986142473894,2.557273271186768,5.235172640071025
PB,2024,6,2024-06-01,1086,16,98,4145040,26.199988419894623,0.3860035126319649,2.364271514870785
PB,2024,7,2024-07-01,848,28,92,4145040,20.458186169494144,0.6755061471059387,2.2195201976337984
PB,2024,8,2024-08-01,943,25,99,4145040,22.750082025746437,0.6031304884874453,2.388396734410283
PB,2024,9,2024-09-01,523,11,70,4145040,12.617489819157356,0.2653774149344759,1.6887653677648469
PB,2024,10,2024-10-01,486,17,89,4145040,11.724856696195936,0.41012873217146273,2.147144539015305
PB,2024,11,2024-11-01,607,21,58,4145040,14.64400826047517,0.506629610329454,1.399262733290873
PB,2024,12,2024-12-01,437,9,33,4145040,10.542720938760542,0.21712697585548027,0.7961322448034277
PB,2025,1,2025-01-01,434,14,27,4164468,10.421499216706671,0.336177394087312,0.6483421171683874
PB,2025,2,2025-02-01,1032,9,0,4164468,24.781076478436145,0.2161140390561291,0
PB,2025,3,2025-03-01,940,17,0,4164468,22.571910745862375,0.40821540710602167,0
PB,2025,4,2025-04-01,1058,8,0,4164468,25.405405924598295,0.19210136804989256,0
PB,2025,5,2025-05-01,437,36,0,4164468,10.493537229725382,0.8644561562245164,0
PB,2025,6,2025-06-01,0,16,0,4164468,0,0.3842027360997851,0
PB,2025,7,2025-07-01,0,31,0,4164468,0,0.7443928011933337,0
PB,2025,8,2025-08-01,0,33,0,4164468,0,0.7924181432058068,0
PB,2025,9,2025-09-01,0,19,0,4164468,0,0.4562407491184949,0
PB,2025,10,2025-10-01,0,18,0,4164468,0,0.4322280781122582,0
PB,2025,11,2025-11-01,0,7,0,4164468,0,0.168088697043656,0
PB,2025,12,2025-12-01,0,4,0,4164468,0,0.09605068402494628,0
PE,2016,1,2016-01-01,17766,365,1067,9410336,188.79240868763878,3.878713788753133,11.338596198902994
PE,2016,2,2016-02-01,17878,539,2277,9410336,189.9825893570644,5.727744471610791,24.196798073947626
PE,2016,3,2016-03-01,10924,339,3326,9410336,116.08512172147732,3.6024218476364713,35.34411523669293
PE,2016,4,2016-04-01,6439,51,1235,9410336,68.4247618788532,0.5419572691134514,13.123867203041423
PE,2016,5,2016-05-01,2811,26,625,9410336,29.87140947995906,0.2762919411166615,6.641633199919748
PE,2016,6,2016-06-01,1827,22,254,9410336,19.414822170005408,0.2337854886371751,2.6991597324473857
PE,2016,7,2016-07-01,1488,33,150,9410336,15.812400322368935,0.3506782329557627,1.5939919679807395
PE,2016,8,2016-08-01,981,40,124,9410336,10.424707470594036,0.4250645247948639,1.317700026864078
PE,2016,9,2016-09-01,788,61,77,9410336,8.373771138458817,0.6482234003121674,0.8182492102301129
PE,2016,10,2016-10-01,697,26,59,9410336,7.406749344550503,0.2762919411166615,0.6269701740724242
PE,2016,11,2016-11-01,485,32,23,9410336,5.153907363137725,0.34005161983589105,0.24441210175704672
PE,2016,12,2016-12-01,461,31,16,9410336,4.898868648260806,0.3294250067160195,0.17002580991794553
PE,2017,1,2017-01-01,504,25,15,9473266,5.320234858812156,0.2639005386315554,0.1583403231789332
PE,2017,2,2017-02-01,449,44,11,9473266,4.739653673822734,0.4644649479915374,0.11611623699788436
PE,2017,3,2017-03-01,580,67,16,9473266,6.122492496252085,0.7072534435325685,0.16889634472419546
PE,2017,4,2017-04-01,940,25,7,9473266,9.922660252546482,0.2639005386315554,0.0738921508168355
PE,2017,5,2017-05-01,1080,59,25,9473266,11.400503268883192,0.6228052711704707,0.2639005386315554
PE,2017,6,2017-06-01,1157,30,26,9473266,12.213316927868384,0.3166806463578664,0.2744565601768176
PE,2017,7,2017-07-01,839,13,40,9473266,8.856502076474998,0.1372282800884088,0.4222408618104886
PE,2017,8,2017-08-01,622,29,50,9473266,6.565845401153098,0.3061246248126042,0.5278010772631108
PE,2017,9,2017-09-01,619,15,59,9473266,6.5341773365173115,0.1583403231789332,0.6228052711704707
PE,2017,10,2017-10-01,401,12,52,9473266,4.232964639650149,0.1266722585431466,0.5489131203536352
PE,2017,11,2017-11-01,310,7,26,9473266,3.272366679031286,0.0738921508168355,0.2744565601768176
PE,2017,12,2017-12-01,408,17,16,9473266,4.306856790466984,0.17945236626945765,0.16889634472419546
PE,2018,1,2018-01-01,464,28,27,9486191,4.891320446742006,0.2951658890275349,0.2846242501336943
PE,2018,2,2018-02-01,581,20,31,9486191,6.124692197321349,0.21083277787681065,0.3267908057090565
PE,2018,3,2018-03-01,1378,33,29,9486191,14.526378395712252,0.3478740834967375,0.3057075279213754
PE,2018,4,2018-04-01,1867,67,40,9486191,19.68123981480027,0.7062898058873156,0.4216655557536213
PE,2018,5,2018-05-01,1392,71,66,9486191,14.67396134022602,0.7484563614626777,0.695748166993475
PE,2018,6,2018-06-01,1307,93,52,9486191,13.777922034249576,0.9803724171271693,0.5481652224797076
PE,2018,7,2018-07-01,843,99,33,9486191,8.886601587507569,1.0436222504902126,0.3478740834967375
PE,2018,8,2018-08-01,768,105,75,9486191,8.095978670469528,1.1068720838532558,0.7906229170380398
PE,2018,9,2018-09-01,669,64,44,9486191,7.052356419979316,0.6746648892057939,0.46383211132898333
PE,2018,10,2018-10-01,643,64,45,9486191,6.778273808739461,0.6746648892057939,0.4743737502228239
PE,2018,11,2018-11-01,629,91,23,9486191,6.630690864225693,0.9592891393394883,0.24245769455833222
PE,2018,12,2018-12-01,692,61,33,9486191,7.294814114537648,0.6430399725242724,0.3478740834967375
PE,2019,1,2019-01-01,580,125,22,9557071,6.068804971732448,1.3079321059768207,0.23019605065192045
PE,2019,2,2019-02-01,1558,119,38,9557071,16.302065768895094,1.2451513648899333,0.39761136021695354
PE,2019,3,2019-03-01,2448,232,32,9557071,25.614542363450056,2.427521988692979,0.3348306191300661
PE,2019,4,2019-04-01,4204,592,58,9557071,43.988372588212435,6.194366453906223,0.6068804971732448
PE,2019,5,2019-05-01,7906,820,167,9557071,82.72408983882195,8.580034615207945,1.7473972935850324
PE,2019,6,2019-06-01,7176,624,120,9557071,75.08576633991733,6.52919707303629,1.2556148217377479
PE,2019,7,2019-07-01,3477,503,98,9557071,36.381439459851244,5.263118794450727,1.0254187710858274
PE,2019,8,2019-08-01,3426,321,104,9557071,35.8478031606127,3.358769648148476,1.0881995121727148
PE,2019,9,2019-09-01,2515,197,93,9557071,26.315593972253634,2.0613009990194695,0.9731014868467547
PE,2019,10,2019-10-01,2121,135,137,9557071,22.192991974214696,1.4125666744549663,1.4334935881505955
PE,2019,11,2019-11-01,1711,119,66,9557071,17.90297466661072,1.2451513648899333,0.6905881519557614
PE,2019,12,2019-12-01,859,93,52,9557071,8.988109432272712,0.9731014868467547,0.5440997560863574
PE,2020,1,2020-01-01,790,132,43,9604451,8.225353016013097,1.3743627824224414,0.4477090882133711
PE,2020,2,2020-02-01,1254,148,36,9604451,13.056446433013194,1.5409522105948583,0.3748262133879386
PE,2020,3,2020-03-01,1116,121,35,9604451,11.619612615026096,1.2598325505539045,0.3644143741271625
PE,2020,4,2020-04-01,1651,115,35,9604451,17.189946619541292,1.1973615149892483,0.3644143741271625
PE,2020,5,2020-05-01,3549,267,100,9604451,36.95161753649428,2.779961082627211,1.0411839260776072
PE,2020,6,2020-06-01,2513,230,196,9604451,26.16495206233027,2.3947230299784965,2.04072049511211
PE,2020,7,2020-07-01,2655,336,360,9604451,27.64343323736047,3.49837799162076,3.748262133879386
PE,2020,8,2020-08-01,2486,247,303,9604451,25.883832402289315,2.5717242974116896,3.1547872960151495
PE,2020,9,2020-09-01,1474,176,299,9604451,15.34705107038393,1.8324837098965885,3.113139938972045
PE,2020,10,2020-10-01,1313,130,187,9604451,13.670744949398982,1.3535391039008893,1.9470139417651253
PE,2020,11,2020-11-01,758,147,155,9604451,7.892174159668262,1.5305403713340824,1.613835085420291
PE,2020,12,2020-12-01,578,93,53,9604451,6.018043092728569,0.9683010512521746,0.5518274808211318
PE,2021,1,2021-01-01,420,105,59,9662577,4.346666525917464,1.086666631479366,0.6106031548312629
PE,2021,2,2021-02-01,833,120,109,9662577,8.620888609736307,1.2419047216907042,1.128063455535723
PE,2021,3,2021-03-01,1490,316,268,9662577,15.42031696099291,3.270349100452188,2.773587211775906
PE,2021,4,2021-04-01,2078,494,447,9662577,21.50565009727736,5.1125077709600655,4.626095088297873
PE,2021,5,2021-05-01,7280,885,737,9662577,75.34221978256939,9.159047322468943,7.627364832383742
PE,2021,6,2021-06-01,7066,972,1160,9662577,73.1274896955543,10.059428245694704,12.005078976343475
PE,2021,7,2021-07-01,7542,548,1212,9662577,78.05371175826076,5.671364895720883,12.543237689076115
PE,2021,8,2021-08-01,3369,278,801,9662577,34.86647506146652,2.877079271916798,8.289714017285451
PE,2021,9,2021-09-01,2327,169,508,9662577,24.082602394785575,1.749015816381075,5.257396655157315
PE,2021,10,2021-10-01,1909,155,307,9662577,19.756634280896286,1.6041269321838263,3.177206246325385
PE,2021,11,2021-11-01,939,239,220,9662577,9.71790444722976,2.4734602373673193,2.2768253230996245
PE,2021,12,2021-12-01,1075,134,180,9662577,11.125396465145892,1.386793605887953,1.8628570825360564
PE,2022,1,2022-01-01,337,103,117,9662577,3.487682426748061,1.065968219451188,1.2108571036484368
PE,2022,2,2022-02-01,677,254,609,9662577,7.006412471538389,2.6286983275786575,6.302666462580324
PE,2022,3,2022-03-01,1331,384,1405,9662577,13.77479320475273,3.974095109410254,14.54063444979533
PE,2022,4,2022-04-01,2910,559,2311,9662577,30.116189500999578,5.785206161875864,23.917015098560146
PE,2022,5,2022-05-01,3104,1512,2127,9662577,32.123935467732885,15.647999493302873,22.012761191967734
PE,2022,6,2022-06-01,2050,914,778,9662577,21.215872328882863,9.45917429687753,8.0516822789614
PE,2022,7,2022-07-01,1777,488,439,9662577,18.39053908703651,5.05041253487553,4.54330144018516
PE,2022,8,2022-08-01,1239,317,338,9662577,12.822666251456521,3.2806983064662774,3.49803163276215
PE,2022,9,2022-09-01,780,182,122,9662577,8.072380690989577,1.8835554945642348,1.2626031337188826
PE,2022,10,2022-10-01,789,130,43,9662577,8.16552354511638,1.3453967818315962,0.4450158586058357
PE,2022,11,2022-11-01,583,180,21,9662577,6.033587106214005,1.8628570825360564,0.21733332629587326
PE,2022,12,2022-12-01,516,154,20,9662577,5.340190303270028,1.593777726169737,0.20698412028178406
PE,2023,1,2023-01-01,287,129,36,9662577,2.970222126043601,1.335047575817507,0.37257141650721126
PE,2023,2,2023-02-01,418,118,51,9662577,4.325968113889287,1.2212063096625259,0.5278095067185493
PE,2023,3,2023-03-01,1121,166,48,9662577,11.601459941793996,1.7179681983388075,0.49676188867628174
PE,2023,4,2023-04-01,1507,154,71,9662577,15.596253463232427,1.593777726169737,0.7347936270003333
PE,2023,5,2023-05-01,696,153,60,9662577,7.203047385806085,1.5834285201556477,0.6209523608453521
PE,2023,6,2023-06-01,547,135,50,9662577,5.661015689706794,1.3971428119020424,0.5174603007044601
PE,2023,7,2023-07-01,711,81,53,9662577,7.358285476017422,0.8382856871412253,0.5485079187467277
PE,2023,8,2023-08-01,574,77,30,9662577,5.940444252087202,0.7968888630848685,0.31047618042267605
PE,2023,9,2023-09-01,528,55,32,9662577,5.464380775439099,0.5692063307749061,0.33117459245085445
PE,2023,10,2023-10-01,460,24,35,9662577,4.760634766481033,0.24838094433814087,0.3622222104931221
PE,2023,11,2023-11-01,489,44,35,9662577,5.060761740889619,0.45536506461992493,0.3622222104931221
PE,2023,12,2023-12-01,615,52,19,9662577,6.364761698664859,0.5381587127326385,0.19663491426769483
PE,2024,1,2024-01-01,300,66,37,9539029,3.1449741897209873,0.6918943217386172,0.38788015006558846
PE,2024,2,2024-02-01,1461,337,78,9539029,15.316024303941209,3.5328543397865757,0.8176932893274567
PE,2024,3,2024-03-01,5382,903,168,9539029,56.42083696359451,9.466372311060173,1.761185546243753
PE,2024,4,2024-04-01,4333,704,215,9539029,45.423910546870125,7.38020609854525,2.253898169300041
PE,2024,5,2024-05-01,3109,362,179,9539029,32.5924158528085,3.7949355222633248,1.8765012665335226
PE,2024,6,2024-06-01,3871,239,199,9539029,40.58065029469981,2.50549610447772,2.0861662125149216
PE,2024,7,2024-07-01,2504,315,197,9539029,26.250051236871172,3.3022228992070364,2.065199717916782
PE,2024,8,2024-08-01,1717,190,128,9539029,17.999735612503116,1.9918169868232918,1.3418556542809545
PE,2024,9,2024-09-01,1125,181,90,9539029,11.793653211453702,1.8974677611316624,0.9434922569162962
PE,2024,10,2024-10-01,907,101,54,9539029,9.508305300256453,1.0588079772060657,0.5660953541497777
PE,2024,11,2024-11-01,1179,77,64,9539029,12.359748565603482,0.8072100420283868,0.6709278271404773
PE,2024,12,2024-12-01,832,66,45,9539029,8.722061752826205,0.6918943217386172,0.4717461284581481
PE,2025,1,2025-01-01,831,69,39,9562007,8.690644129417601,0.7216058302404506,0.40786416491851557
PE,2025,2,2025-02-01,1411,109,0,9562007,14.756316325641677,1.1399280506696972,0
PE,2025,3,2025-03-01,2615,128,0,9562007,27.347815160562007,1.3386311053735895,0
PE,2025,4,2025-04-01,3124,199,0,9562007,32.67096541552417,2.081153046635502,0
PE,2025,5,2025-05-01,576,163,0,9562007,6.023839974181152,1.7046630482491802,0
PE,2025,6,2025-06-01,0,130,0,9562007,0,1.3595472163950517,0
PE,2025,7,2025-07-01,0,178,0,9562007,0,1.8615338809101478,0
PE,2025,8,2025-08-01,0,224,0,9562007,0,2.3426044344037815,0
PE,2025,9,2025-09-01,0,243,0,9562007,0,2.5413074891076737,0
PE,2025,10,2025-10-01,0,164,0,9562007,0,1.7151211037599114,0
PE,2025,11,2025-11-01,0,123,0,9562007,0,1.2863408278199338,0
PE,2025,12,2025-12-01,0,71,0,9562007,0,0.7425219412619128,0
PI,2016,1,2016-01-01,304,6,7,3212180,9.463977734747118,0.18678903423842996,0.21792053994483498
PI,2016,2,2016-02-01,473,38,6,3212180,14.725202199129562,1.1829972168433898,0.18678903423842996
PI,2016,3,2016-03-01,528,55,37,3212180,16.437435012981837,1.7122328138522749,1.1518657111369848
PI,2016,4,2016-04-01,1706,152,112,3212180,53.11034873512693,4.731988867373559,3.4867286391173598
PI,2016,5,2016-05-01,917,146,136,3212180,28.547590732773383,4.545199833135129,4.233884776071079
PI,2016,6,2016-06-01,493,76,104,3212180,15.347832313257662,2.3659944336867795,3.23767659346612
PI,2016,7,2016-07-01,317,32,130,3212180,9.868687308930385,0.9962081826049599,4.047095741832649
PI,2016,8,2016-08-01,165,13,132,3212180,5.136698441556824,0.404709574183265,4.109358753245459
PI,2016,9,2016-09-01,90,4,22,3212180,2.80183551357645,0.12452602282561999,0.68489312554091
PI,2016,10,2016-10-01,105,2,5,3212180,3.2688080991725244,0.062263011412809995,0.155657528532025
PI,2016,11,2016-11-01,62,4,4,3212180,1.9301533537971098,0.12452602282561999,0.12452602282561999
PI,2016,12,2016-12-01,87,6,2,3212180,2.708440996457235,0.18678903423842996,0.062263011412809995
PI,2017,1,2017-01-01,139,8,12,3219257,4.317766490839346,0.24850454623535803,0.37275681935303706
PI,2017,2,2017-02-01,221,6,7,3219257,6.864938089751766,0.18637840967651853,0.2174414779559383
PI,2017,3,2017-03-01,465,21,18,3219257,14.444326749930186,0.6523244338678148,0.5591352290295556
PI,2017,4,2017-04-01,950,55,76,3219257,29.509914865448764,1.7084687553680864,2.3607931892359013
PI,2017,5,2017-05-01,1267,193,599,3219257,39.35690751002483,5.995172177928013,18.606777899372435
PI,2017,6,2017-06-01,945,132,700,3219257,29.354599524051665,4.100325012883408,21.74414779559383
PI,2017,7,2017-07-01,654,50,563,3219257,20.31524665474052,1.5531534139709877,17.48850744131332
PI,2017,8,2017-08-01,220,32,336,3219257,6.833875021472346,0.9940181849414321,10.437190941885037
PI,2017,9,2017-09-01,185,6,136,3219257,5.746667631692654,0.18637840967651853,4.224577286001087
PI,2017,10,2017-10-01,70,7,65,3219257,2.174414779559383,0.2174414779559383,2.019099438162284
PI,2017,11,2017-11-01,50,9,10,3219257,1.5531534139709877,0.2795676145147778,0.31063068279419753
PI,2017,12,2017-12-01,110,3,10,3219257,3.416937510736173,0.09318920483825927,0.31063068279419753
PI,2018,1,2018-01-01,207,9,7,3264531,6.340880206069417,0.27569044374214857,0.21442590068833775
PI,2018,2,2018-02-01,178,6,19,3264531,5.45254433178916,0.18379362916143238,0.5820131590112025
PI,2018,3,2018-03-01,280,23,41,3264531,8.577036027533511,0.7045422451188241,1.2559231326031213
PI,2018,4,2018-04-01,178,11,15,3264531,5.45254433178916,0.33695498679595937,0.45948407290358095
PI,2018,5,2018-05-01,264,10,25,3264531,8.086919683103025,0.30632271526905397,0.7658067881726349
PI,2018,6,2018-06-01,296,8,28,3264531,9.067152371963997,0.2450581722152432,0.857703602753351
PI,2018,7,2018-07-01,130,8,68,3264531,3.9821952984977016,0.2450581722152432,2.082994463829567
PI,2018,8,2018-08-01,123,7,32,3264531,3.7677693978093636,0.21442590068833775,0.9802326888609728
PI,2018,9,2018-09-01,102,5,15,3264531,3.12449169574435,0.15316135763452698,0.45948407290358095
PI,2018,10,2018-10-01,49,4,20,3264531,1.5009813048183644,0.1225290861076216,0.6126454305381079
PI,2018,11,2018-11-01,47,7,10,3264531,1.4397167617645534,0.21442590068833775,0.30632271526905397
PI,2018,12,2018-12-01,81,4,4,3264531,2.481213993679337,0.1225290861076216,0.1225290861076216
PI,2019,1,2019-01-01,163,8,0,3273227,4.979795168498854,0.2444071248342996,0
PI,2019,2,2019-02-01,225,8,0,3273227,6.873950385964676,0.2444071248342996,0
PI,2019,3,2019-03-01,733,13,5,3273227,22.3938028129427,0.39716157785573686,0.15275445302143725
PI,2019,4,2019-04-01,1273,21,15,3273227,38.89128373925793,0.6415687026900365,0.45826335906431176
PI,2019,5,2019-05-01,2058,32,70,3273227,62.87373286362357,0.9776284993371984,2.138562342300122
PI,2019,6,2019-06-01,1814,28,85,3273227,55.41931555617743,0.8554249369200487,2.5968257013644336
PI,2019,7,2019-07-01,899,28,60,3273227,27.465250653254415,0.8554249369200487,1.833053436257247
PI,2019,8,2019-08-01,430,16,23,3273227,13.136882959843604,0.4888142496685992,0.7026704838986114
PI,2019,9,2019-09-01,139,8,14,3273227,4.246573793995956,0.2444071248342996,0.42771246846002436
PI,2019,10,2019-10-01,100,0,22,3273227,3.0550890604287453,0,0.6721195932943239
PI,2019,11,2019-11-01,114,6,15,3273227,3.4828015288887695,0.1833053436257247,0.45826335906431176
PI,2019,12,2019-12-01,79,9,9,3273227,2.4135203577387085,0.27495801543858706,0.27495801543858706
PI,2020,1,2020-01-01,96,3,10,3281480,2.9255092214488587,0.09142216317027684,0.30474054390092276
PI,2020,2,2020-02-01,237,3,6,3281480,7.222350890451869,0.09142216317027684,0.18284432634055367
PI,2020,3,2020-03-01,296,7,10,3281480,9.020320099467314,0.21331838073064593,0.30474054390092276
PI,2020,4,2020-04-01,277,7,4,3281480,8.44131306605556,0.21331838073064593,0.1218962175603691
PI,2020,5,2020-05-01,602,13,5,3281480,18.345380742835548,0.3961627070711996,0.15237027195046138
PI,2020,6,2020-06-01,266,10,43,3281480,8.106098467764545,0.30474054390092276,1.3103843387739678
PI,2020,7,2020-07-01,148,4,21,3281480,4.510160049733657,0.1218962175603691,0.6399551421919377
PI,2020,8,2020-08-01,129,1,3,3281480,3.9311530163219035,0.030474054390092275,0.09142216317027684
PI,2020,9,2020-09-01,59,2,9,3281480,1.7979692090154442,0.06094810878018455,0.2742664895108305
PI,2020,10,2020-10-01,44,2,6,3281480,1.34085839316406,0.06094810878018455,0.18284432634055367
PI,2020,11,2020-11-01,40,1,8,3281480,1.218962175603691,0.030474054390092275,0.2437924351207382
PI,2020,12,2020-12-01,41,3,2,3281480,1.2494362299937831,0.09142216317027684,0.06094810878018455
PI,2021,1,2021-01-01,78,6,11,3289290,2.371332415202065,0.18241018578477422,0.33441867393875274
PI,2021,2,2021-02-01,138,3,13,3289290,4.195434273049807,0.09120509289238711,0.39522206920034414
PI,2021,3,2021-03-01,195,5,13,3289290,5.928331038005163,0.15200848815397852,0.39522206920034414
PI,2021,4,2021-04-01,315,3,15,3289290,9.576534753700647,0.09120509289238711,0.45602546446193554
PI,2021,5,2021-05-01,600,26,11,3289290,18.241018578477423,0.7904441384006883,0.33441867393875274
PI,2021,6,2021-06-01,592,5,32,3289290,17.997804997431057,0.15200848815397852,0.9728543241854625
PI,2021,7,2021-07-01,629,11,26,3289290,19.122667809770498,0.33441867393875274,0.7904441384006883
PI,2021,8,2021-08-01,618,19,34,3289290,18.788249135831744,0.5776322549851184,1.033657719447054
PI,2021,9,2021-09-01,261,12,30,3289290,7.934843081637678,0.36482037156954844,0.9120509289238711
PI,2021,10,2021-10-01,133,4,24,3289290,4.043425784895828,0.12160679052318281,0.7296407431390969
PI,2021,11,2021-11-01,116,6,9,3289290,3.526596925172302,0.18241018578477422,0.27361527867716134
PI,2021,12,2021-12-01,298,2,18,3289290,9.05970589397712,0.060803395261591404,0.5472305573543227
PI,2022,1,2022-01-01,462,8,42,3289290,14.045584305427615,0.24321358104636562,1.2768713004934196
PI,2022,2,2022-02-01,1407,8,121,3289290,42.77518856652955,0.24321358104636562,3.6786054133262804
PI,2022,3,2022-03-01,3812,139,621,3289290,115.89127136859322,4.225835970680603,18.879454228724132
PI,2022,4,2022-04-01,11547,107,1292,3289290,351.048402542798,3.2529816464951398,39.278993338988045
PI,2022,5,2022-05-01,6606,66,563,3289290,200.8336145490364,2.0065120436325166,17.11615576613798
PI,2022,6,2022-06-01,4113,34,318,3289290,125.04218235546273,1.033657719447054,9.667739846593033
PI,2022,7,2022-07-01,2304,6,89,3289290,70.0455113413533,0.18241018578477422,2.7057510891408176
PI,2022,8,2022-08-01,657,5,47,3289290,19.973915343432775,0.15200848815397852,1.428879788647398
PI,2022,9,2022-09-01,216,5,32,3289290,6.566766688251873,0.15200848815397852,0.9728543241854625
PI,2022,10,2022-10-01,157,7,16,3289290,4.773066528034925,0.21281188341556995,0.48642716209273124
PI,2022,11,2022-11-01,175,0,12,3289290,5.320297085389248,0,0.36482037156954844
PI,2022,12,2022-12-01,144,3,8,3289290,4.3778444588345815,0.09120509289238711,0.24321358104636562
PI,2023,1,2023-01-01,265,9,22,3289290,8.056449872160862,0.27361527867716134,0.6688373478775055
PI,2023,2,2023-02-01,586,16,82,3289290,17.815394811646282,0.48642716209273124,2.4929392057252477
PI,2023,3,2023-03-01,1253,16,224,3289290,38.093327131387014,0.48642716209273124,6.809980269298238
PI,2023,4,2023-04-01,1921,21,332,3289290,58.40166114875854,0.6384356502467098,10.093363613424174
PI,2023,5,2023-05-01,1334,13,499,3289290,40.55586463948146,0.39522206920034414,15.170447117767056
PI,2023,6,2023-06-01,868,4,345,3289290,26.38867354353067,0.12160679052318281,10.488585682624517
PI,2023,7,2023-07-01,560,5,196,3289290,17.024950673245595,0.15200848815397852,5.958732735635958
PI,2023,8,2023-08-01,255,5,65,3289290,7.7524328958529045,0.15200848815397852,1.9761103460017209
PI,2023,9,2023-09-01,182,3,16,3289290,5.533108968804818,0.09120509289238711,0.48642716209273124
PI,2023,10,2023-10-01,114,4,14,3289290,3.46579352991071,0.12160679052318281,0.4256237668311399
PI,2023,11,2023-11-01,102,3,9,3289290,3.1009731583411617,0.09120509289238711,0.27361527867716134
PI,2023,12,2023-12-01,137,3,5,3289290,4.165032575419011,0.09120509289238711,0.15200848815397852
PI,2024,1,2024-01-01,438,0,11,3375646,12.975294210352626,0,0.32586355322803395
PI,2024,2,2024-02-01,1632,6,38,3375646,48.346301715286494,0.17774375630620035,1.1257104566059355
PI,2024,3,2024-03-01,3788,14,102,3375646,112.21555814798114,0.41473543138113417,3.021643857205406
PI,2024,4,2024-04-01,2954,11,86,3375646,87.50917602141931,0.32586355322803395,2.5476605070555385
PI,2024,5,2024-05-01,2395,17,95,3375646,70.94938272555831,0.5036073095342343,2.814276141514839
PI,2024,6,2024-06-01,2083,13,78,3375646,61.70670739763589,0.38511147199676743,2.3106688319806046
PI,2024,7,2024-07-01,742,16,47,3375646,21.98097786320011,0.47398335014986764,1.392326091065236
PI,2024,8,2024-08-01,490,1,21,3375646,14.515740098339696,0.029623959384366728,0.6221031470717013
PI,2024,9,2024-09-01,179,6,10,3375646,5.302688729801644,0.17774375630620035,0.29623959384366727
PI,2024,10,2024-10-01,174,3,20,3375646,5.15456893287981,0.08887187815310017,0.5924791876873345
PI,2024,11,2024-11-01,163,2,16,3375646,4.828705379651776,0.059247918768733455,0.47398335014986764
PI,2024,12,2024-12-01,97,4,13,3375646,2.8735240602835725,0.11849583753746691,0.38511147199676743
PI,2025,1,2025-01-01,321,1,12,3384547,9.484282534708486,0.029546051509995286,0.3545526181199434
PI,2025,2,2025-02-01,774,8,0,3384547,22.86864386873635,0.2363684120799623,0
PI,2025,3,2025-03-01,1433,14,0,3384547,42.33949181382324,0.413644721139934,0
PI,2025,4,2025-04-01,1334,19,0,3384547,39.41443271433371,0.5613749786899104,0
PI,2025,5,2025-05-01,268,4,0,3384547,7.918341804678735,0.11818420603998114,0
PI,2025,6,2025-06-01,0,9,0,3384547,0,0.2659144635899575,0
PI,2025,7,2025-07-01,0,10,0,3384547,0,0.2954605150999528,0
PI,2025,8,2025-08-01,0,5,0,3384547,0,0.1477302575499764,0
PI,2025,9,2025-09-01,0,6,0,3384547,0,0.1772763090599717,0
PI,2025,10,2025-10-01,0,1,0,3384547,0,0.029546051509995286,0
PI,2025,11,2025-11-01,0,2,0,3384547,0,0.05909210301999057,0
PI,2025,12,2025-12-01,0,3,0,3384547,0,0.08863815452998584,0
PR,2016,1,2016-01-01,8978,300,11,11242720,79.85612022713364,2.6683934136934835,0.09784109183542773
PR,2016,2,2016-02-01,15547,918,25,11242720,138.28504134230863,8.16528384590206,0.22236611780779028
PR,2016,3,2016-03-01,17191,1483,24,11242720,152.90783724934892,13.19075810835812,0.2134714730954787
PR,2016,4,2016-04-01,16860,598,6,11242720,149.96370984957377,5.3189975379623435,0.053367868273869676
PR,2016,5,2016-05-01,2208,166,9,11242720,19.639375524784036,1.4765110222437274,0.0800518024108045
PR,2016,6,2016-06-01,397,59,6,11242720,3.5311739507877093,0.5247840380263851,0.053367868273869676
PR,2016,7,2016-07-01,268,31,5,11242720,2.3837647828995117,0.27573398608165994,0.044473223561558056
PR,2016,8,2016-08-01,113,49,7,11242720,1.0050948524912122,0.43583759090326896,0.06226251298618128
PR,2016,9,2016-09-01,119,48,1,11242720,1.0584627207650816,0.4269429461909574,0.008894644712311611
PR,2016,10,2016-10-01,263,47,4,11242720,2.339291559337954,0.4180483014786457,0.035578578849246444
PR,2016,11,2016-11-01,334,62,9,11242720,2.970811333912078,0.5514679721633199,0.0800518024108045
PR,2016,12,2016-12-01,346,105,8,11242720,3.077547070459818,0.9339376947927193,0.07115715769849289
PR,2017,1,2017-01-01,366,95,6,11320892,3.2329607949620933,0.8391564904956252,0.05299935729446054
PR,2017,2,2017-02-01,313,73,4,11320892,2.7647998055276917,0.64482551374927,0.0353329048629737
PR,2017,3,2017-03-01,230,67,21,11320892,2.031642029620987,0.5918261564548094,0.1854977505306119
PR,2017,4,2017-04-01,186,46,15,11320892,1.6429800761282767,0.4063284059241975,0.13249839323615137
PR,2017,5,2017-05-01,131,38,11,11320892,1.1571526342623886,0.33566259619825006,0.09716548837317766
PR,2017,6,2017-06-01,82,17,9,11320892,0.7243245496909608,0.1501648456676382,0.07949903594169082
PR,2017,7,2017-07-01,71,21,5,11320892,0.6271590613177831,0.1854977505306119,0.04416613107871712
PR,2017,8,2017-08-01,80,29,1,11320892,0.7066580972594739,0.2561635602565593,0.008833226215743424
PR,2017,9,2017-09-01,207,30,1,11320892,1.8284778266588886,0.26499678647230274,0.008833226215743424
PR,2017,10,2017-10-01,156,26,5,11320892,1.377983289655974,0.229663881609329,0.04416613107871712
PR,2017,11,2017-11-01,173,27,2,11320892,1.5281481353236124,0.2384971078250724,0.01766645243148685
PR,2017,12,2017-12-01,218,19,2,11320892,1.9256433150320664,0.16783129809912503,0.01766645243148685
PR,2018,1,2018-01-01,141,31,10,11348937,1.2424071082604478,0.27315333585868,0.0881139793092516
PR,2018,2,2018-02-01,173,26,13,11348937,1.524371842050053,0.2290963462040542,0.1145481731020271
PR,2018,3,2018-03-01,150,26,30,11348937,1.321709689638774,0.2290963462040542,0.26434193792775484
PR,2018,4,2018-04-01,249,15,12,11348937,2.194038084800365,0.13217096896387742,0.10573677517110192
PR,2018,5,2018-05-01,187,8,4,11348937,1.647731413083005,0.07049118344740128,0.03524559172370064
PR,2018,6,2018-06-01,72,8,2,11348937,0.6344206510266116,0.07049118344740128,0.01762279586185032
PR,2018,7,2018-07-01,55,17,7,11348937,0.48462688620088384,0.14979376482572773,0.06167978551647613
PR,2018,8,2018-08-01,36,10,0,11348937,0.3172103255133058,0.0881139793092516,0
PR,2018,9,2018-09-01,34,14,0,11348937,0.29958752965145546,0.12335957103295225,0
PR,2018,10,2018-10-01,91,17,2,11348937,0.8018372117141896,0.14979376482572773,0.01762279586185032
PR,2018,11,2018-11-01,71,11,1,11348937,0.6256092530956864,0.09692537724017676,0.00881139793092516
PR,2018,12,2018-12-01,141,12,1,11348937,1.2424071082604478,0.10573677517110192,0.00881139793092516
PR,2019,1,2019-01-01,352,33,1,11423818,3.0812815820420107,0.28887014831643854,0.008753640858073893
PR,2019,2,2019-02-01,1266,50,3,11423818,11.08210932632155,0.4376820429036947,0.026260922574221683
PR,2019,3,2019-03-01,4175,39,5,11423818,36.54645058245851,0.3413919934648819,0.04376820429036947
PR,2019,4,2019-04-01,8201,71,15,11423818,71.788608677064,0.6215085009232465,0.13130461287110842
PR,2019,5,2019-05-01,12160,39,12,11423818,106.44427283417856,0.3413919934648819,0.10504369029688673
PR,2019,6,2019-06-01,6717,16,6,11423818,58.798205643682344,0.1400582537291823,0.052521845148443366
PR,2019,7,2019-07-01,1505,15,3,11423818,13.174229491401212,0.13130461287110842,0.026260922574221683
PR,2019,8,2019-08-01,693,11,5,11423818,6.066273114645209,0.09629004943881284,0.04376820429036947
PR,2019,9,2019-09-01,427,19,0,11423818,3.737804646397553,0.166319176303404,0
PR,2019,10,2019-10-01,724,20,2,11423818,6.3376359812455005,0.17507281716147788,0.017507281716147786
PR,2019,11,2019-11-01,2892,18,1,11423818,25.3155293615497,0.15756553544533008,0.008753640858073893
PR,2019,12,2019-12-01,5794,14,0,11423818,50.718595131680146,0.12255097201303453,0
PR,2020,1,2020-01-01,22606,22,5,11516840,196.28648136120674,0.1910246213371029,0.043414686667523385
PR,2020,2,2020-02-01,82398,52,3,11516840,715.4566704061184,0.4515127413422432,0.02604881200051403
PR,2020,3,2020-03-01,67776,53,2,11516840,588.494760715613,0.46019567867574784,0.01736587466700935
PR,2020,4,2020-04-01,48151,20,3,11516840,418.09211554558374,0.17365874667009354,0.02604881200051403
PR,2020,5,2020-05-01,26084,16,3,11516840,226.48573740713599,0.1389269973360748,0.02604881200051403
PR,2020,6,2020-06-01,7830,7,1,11516840,67.98739932134161,0.06078056133453273,0.008682937333504675
PR,2020,7,2020-07-01,3444,2,3,11516840,29.904036176590107,0.01736587466700935,0.02604881200051403
PR,2020,8,2020-08-01,843,7,3,11516840,7.319716172144442,0.06078056133453273,0.02604881200051403
PR,2020,9,2020-09-01,498,6,6,11516840,4.324102792085329,0.05209762400102806,0.05209762400102806
PR,2020,10,2020-10-01,731,8,1,11516840,6.347227190791918,0.0694634986680374,0.008682937333504675
PR,2020,11,2020-11-01,1409,5,5,11516840,12.23425870290809,0.043414686667523385,0.043414686667523385
PR,2020,12,2020-12-01,2051,6,2,11516840,17.808704471018093,0.05209762400102806,0.01736587466700935
PR,2021,1,2021-01-01,2618,6,2,11597484,22.573861710005378,0.051735359152036774,0.01724511971734559
PR,2021,2,2021-02-01,4241,10,2,11597484,36.56827636063132,0.08622559858672794,0.01724511971734559
PR,2021,3,2021-03-01,6398,3,41,11597484,55.16713797578854,0.025867679576018387,0.35352495420558455
PR,2021,4,2021-04-01,10449,8,49,11597484,90.09712796327204,0.06898047886938236,0.42250543307496696
PR,2021,5,2021-05-01,7612,9,30,11597484,65.63492564421732,0.07760303872805516,0.2586767957601839
PR,2021,6,2021-06-01,1645,9,11,11597484,14.184110967516746,0.07760303872805516,0.09484815844540075
PR,2021,7,2021-07-01,544,4,4,11597484,4.690672563118,0.03449023943469118,0.03449023943469118
PR,2021,8,2021-08-01,254,3,5,11597484,2.19013020410289,0.025867679576018387,0.04311279929336397
PR,2021,9,2021-09-01,224,3,5,11597484,1.931453408342706,0.025867679576018387,0.04311279929336397
PR,2021,10,2021-10-01,219,5,2,11597484,1.8883406090493422,0.04311279929336397,0.01724511971734559
PR,2021,11,2021-11-01,210,11,0,11597484,1.810737570321287,0.09484815844540075,0
PR,2021,12,2021-12-01,243,10,1,11597484,2.095282045657489,0.08622559858672794,0.008622559858672794
PR,2022,1,2022-01-01,529,9,1,11597484,4.561334165237908,0.07760303872805516,0.008622559858672794
PR,2022,2,2022-02-01,2587,8,0,11597484,22.30656235438652,0.06898047886938236,0
PR,2022,3,2022-03-01,23300,16,7,11597484,200.9056447070761,0.1379609577387647,0.06035791901070956
PR,2022,4,2022-04-01,68275,35,10,11597484,588.7052743508851,0.30178959505354785,0.08622559858672794
PR,2022,5,2022-05-01,43113,16,10,11597484,371.7444231869602,0.1379609577387647,0.08622559858672794
PR,2022,6,2022-06-01,9889,7,7,11597484,85.26849444241526,0.06035791901070956,0.06035791901070956
PR,2022,7,2022-07-01,4517,7,2,11597484,38.94810288162501,0.06035791901070956,0.01724511971734559
PR,2022,8,2022-08-01,1078,8,3,11597484,9.295119527649273,0.06898047886938236,0.025867679576018387
PR,2022,9,2022-09-01,529,5,4,11597484,4.561334165237908,0.04311279929336397,0.03449023943469118
PR,2022,10,2022-10-01,601,8,2,11597484,5.18215847506235,0.06898047886938236,0.01724511971734559
PR,2022,11,2022-11-01,686,11,5,11597484,5.915076063049537,0.09484815844540075,0.04311279929336397
PR,2022,12,2022-12-01,1129,3,3,11597484,9.734870080441587,0.025867679576018387,0.025867679576018387
PR,2023,1,2023-01-01,1947,6,14,11597484,16.788124044835932,0.051735359152036774,0.12071583802141912
PR,2023,2,2023-02-01,6928,12,56,11597484,59.73709470088513,0.10347071830407355,0.4828633520856765
PR,2023,3,2023-03-01,28175,24,259,11597484,242.94062401810598,0.2069414366081471,2.233243003396254
PR,2023,4,2023-04-01,83031,17,385,11597484,715.9397676254608,0.1465835175974375,3.319685545589026
PR,2023,5,2023-05-01,49423,28,253,11597484,426.1527758951855,0.24143167604283824,2.181507644244217
PR,2023,6,2023-06-01,15425,17,82,11597484,133.00298582002785,0.1465835175974375,0.7070499084111691
PR,2023,7,2023-07-01,5259,7,32,11597484,45.34604229676023,0.06035791901070956,0.2759219154775294
PR,2023,8,2023-08-01,1883,13,19,11597484,16.236280213880875,0.11209327816274633,0.16382863731478312
PR,2023,9,2023-09-01,1890,9,14,11597484,16.296638132891584,0.07760303872805516,0.12071583802141912
PR,2023,10,2023-10-01,1944,9,17,11597484,16.762256365259912,0.07760303872805516,0.1465835175974375
PR,2023,11,2023-11-01,3431,11,4,11597484,29.58400287510636,0.09484815844540075,0.03449023943469118
PR,2023,12,2023-12-01,10165,14,6,11597484,87.64832096340895,0.12071583802141912,0.051735359152036774
PR,2024,1,2024-01-01,31967,14,39,11824665,270.34169678379897,0.11839658882513797,0.3298190688700272
PR,2024,2,2024-02-01,70013,18,41,11824665,592.0928838153131,0.15222418563232024,0.3467328672736183
PR,2024,3,2024-03-01,179812,14,33,11824665,1520.6519592732648,0.11839658882513797,0.27907767365925373
PR,2024,4,2024-04-01,170667,28,28,11824665,1443.3136160728443,0.23679317765027594,0.23679317765027594
PR,2024,5,2024-05-01,133483,10,46,11824665,1128.852276153278,0.08456899201795569,0.3890173632825962
PR,2024,6,2024-06-01,41343,8,30,11824665,349.63358369983416,0.06765519361436455,0.2537069760538671
PR,2024,7,2024-07-01,6925,7,24,11824665,58.56402697243431,0.059198294412568984,0.20296558084309366
PR,2024,8,2024-08-01,3969,4,19,11824665,33.565432931926615,0.033827596807182274,0.1606810848341158
PR,2024,9,2024-09-01,2106,4,14,11824665,17.810229718981468,0.033827596807182274,0.11839658882513797
PR,2024,10,2024-10-01,2032,7,8,11824665,17.184419178048596,0.059198294412568984,0.06765519361436455
PR,2024,11,2024-11-01,3131,8,24,11824665,26.478551400821924,0.06765519361436455,0.20296558084309366
PR,2024,12,2024-12-01,2825,9,156,11824665,23.890740245072482,0.07611209281616012,1.3192762754801088
PR,2025,1,2025-01-01,5750,17,64,11890517,48.35786366564212,0.14297107518537672,0.5382440477567124
PR,2025,2,2025-02-01,12571,13,0,11890517,105.72290506796298,0.1093308222005822,0
PR,2025,3,2025-03-01,36064,32,0,11890517,303.3005209109074,0.2691220238783562,0
PR,2025,4,2025-04-01,36777,39,0,11890517,309.296896005447,0.3279924666017466,0
PR,2025,5,2025-05-01,12989,22,0,11890517,109.238311504874,0.18502139141636986,0
PR,2025,6,2025-06-01,0,20,0,11890517,0,0.1682012649239726,0
PR,2025,7,2025-07-01,0,13,0,11890517,0,0.1093308222005822,0
PR,2025,8,2025-08-01,0,7,0,11890517,0,0.05887044272339042,0
PR,2025,9,2025-09-01,0,18,0,11890517,0,0.15138113843157536,0
PR,2025,10,2025-10-01,0,19,0,11890517,0,0.15979120167777397,0
PR,2025,11,2025-11-01,0,7,0,11890517,0,0.05887044272339042,0
PR,2025,12,2025-12-01,0,8,0,11890517,0,0.06728050596958905,0
RJ,2016,1,2016-01-01,17861,16472,62,16635996,107.36357474478834,99.01420990964412,0.3726858313743283
RJ,2016,2,2016-02-01,16086,19997,269,16635996,96.69394005624912,120.2032027418136,1.6169756232208758
RJ,2016,3,2016-03-01,14831,20302,499,16635996,89.15005750181714,122.03657658970343,2.999519836383707
RJ,2016,4,2016-04-01,21614,15042,1753,16635996,129.92308966652794,90.41839154084913,10.537391329019314
RJ,2016,5,2016-05-01,8639,6633,1427,16635996,51.92956285875519,39.87137289525677,8.57778518340591
RJ,2016,6,2016-06-01,3396,2413,612,16635996,20.413565860439014,14.504692114617002,3.678769819372402
RJ,2016,7,2016-07-01,2244,792,168,16635996,13.48882267103214,4.760760942717226,1.0098583817885025
RJ,2016,8,2016-08-01,748,674,92,16635996,4.49627422367738,4.05145565074673,0.5530176852651323
RJ,2016,9,2016-09-01,571,409,41,16635996,3.4323162857216363,2.4585242747112948,0.2464535336507655
RJ,2016,10,2016-10-01,581,271,25,16635996,3.492426903685238,1.6289977468135963,0.15027654490900333
RJ,2016,11,2016-11-01,666,361,27,16635996,4.003367156375849,2.169993308486008,0.16229866850172361
RJ,2016,12,2016-12-01,1077,263,35,16635996,6.473913554679864,1.5809092524427153,0.2103871628726047
RJ,2017,1,2017-01-01,1554,439,62,16718956,9.294838744715879,2.6257620392086682,0.3708365522344816
RJ,2017,2,2017-02-01,1447,440,78,16718956,8.654846630375724,2.631743273922128,0.46653630764983167
RJ,2017,3,2017-03-01,1415,419,124,16718956,8.463447119545025,2.506137344939481,0.7416731044689632
RJ,2017,4,2017-04-01,1685,545,128,16718956,10.078380492179058,3.259772918835363,0.7655980433228008
RJ,2017,5,2017-05-01,1106,397,177,16718956,6.615245593086076,2.3745501812433742,1.0586785442823106
RJ,2017,6,2017-06-01,848,187,183,16718956,5.072087037013556,1.1184908914169043,1.0945659525630667
RJ,2017,7,2017-07-01,671,94,135,16718956,4.013408492731245,0.5622360630651818,0.8074666863170165
RJ,2017,8,2017-08-01,345,74,68,16718956,2.0635259761434863,0.44261136879599416,0.4067239605152379
RJ,2017,9,2017-09-01,424,70,51,16718956,2.536043518506778,0.41868642994215666,0.3050429703864284
RJ,2017,10,2017-10-01,416,104,44,16718956,2.4881936407991025,0.6220484101997756,0.2631743273922128
RJ,2017,11,2017-11-01,431,78,22,16718956,2.577912161500993,0.46653630764983167,0.1315871636961064
RJ,2017,12,2017-12-01,685,115,38,16718956,4.097145778719676,0.6878419920478288,0.22728691911145646
RJ,2018,1,2018-01-01,1022,246,235,17159960,5.955724838519437,1.4335697752209213,1.3694670616947826
RJ,2018,2,2018-02-01,1536,335,489,17159960,8.951069816013558,1.9522190028414985,2.849656992207441
RJ,2018,3,2018-03-01,3086,673,913,17159960,17.983724903787653,3.921920563917398,5.3205252226695166
RJ,2018,4,2018-04-01,2811,1142,1426,17159960,16.381157065634184,6.655027167895496,8.31004268075217
RJ,2018,5,2018-05-01,1791,651,1090,17159960,10.437087265937683,3.7937151368651207,6.351996158499204
RJ,2018,6,2018-06-01,1294,270,681,17159960,7.540810118438504,1.573430241096133,3.9685407192091353
RJ,2018,7,2018-07-01,855,246,552,17159960,4.982529096804421,1.4335697752209213,3.216790715129872
RJ,2018,8,2018-08-01,508,193,274,17159960,2.9603798610253174,1.1247112464131617,1.5967403187420015
RJ,2018,9,2018-09-01,409,132,157,17159960,2.3834554392900684,0.7692325623136651,0.914920547600344
RJ,2018,10,2018-10-01,350,127,180,17159960,2.0396317940135056,0.7400949652563293,1.0489534940640888
RJ,2018,11,2018-11-01,433,116,237,17159960,2.52331590516528,0.6759922517301905,1.3811221005177168
RJ,2018,12,2018-12-01,805,107,304,17159960,4.691153126231064,0.6235445770269861,1.7715659010860167
RJ,2019,1,2019-01-01,1329,135,651,17264943,7.697679627439256,0.7819313391303986,3.7706466798065885
RJ,2019,2,2019-02-01,1181,209,762,17264943,6.840451196392597,1.210545554653728,4.413568003091583
RJ,2019,3,2019-03-01,3405,322,1429,17264943,19.72204599806672,1.8650510459258396,8.276888026795108
RJ,2019,4,2019-04-01,6930,518,4060,17264943,40.13914207536045,3.000299508663307,23.51586101384754
RJ,2019,5,2019-05-01,9368,739,6089,17264943,54.2602428516561,4.280350071239737,35.26799943677775
RJ,2019,6,2019-06-01,5593,416,2852,17264943,32.39512577597273,2.409506941320339,16.519023549628862
RJ,2019,7,2019-07-01,1710,248,1678,17264943,9.904463628985047,1.43643683040251,9.719116941191176
RJ,2019,8,2019-08-01,833,99,698,17264943,4.824805966634236,0.5734163153622922,4.0428746275038385
RJ,2019,9,2019-09-01,454,57,311,17264943,2.6296061330755625,0.33014878763283495,1.801338121996696
RJ,2019,10,2019-10-01,457,44,239,17264943,2.646982385056238,0.25485169571657434,1.3843080744604832
RJ,2019,11,2019-11-01,532,36,141,17264943,3.081388684573126,0.20851502376810624,0.8166838430917496
RJ,2019,12,2019-12-01,439,42,107,17264943,2.5427248731721845,0.2432675277294573,0.6197529873107603
RJ,2020,1,2020-01-01,917,55,219,17366189,5.280375561961234,0.316707367402255,1.2610711538380701
RJ,2020,2,2020-02-01,1245,43,304,17366189,7.169103134832864,0.24760757815085396,1.7505279943688279
RJ,2020,3,2020-03-01,758,51,216,17366189,4.36480335438017,0.29367410431845464,1.2437962065252197
RJ,2020,4,2020-04-01,459,40,77,17366189,2.643066938866092,0.23033263083800368,0.44339031436315707
RJ,2020,5,2020-05-01,346,16,58,17366189,1.992377256748732,0.09213305233520147,0.3339823147151053
RJ,2020,6,2020-06-01,152,15,48,17366189,0.8752639971844139,0.08637473656425138,0.27639915700560436
RJ,2020,7,2020-07-01,133,23,42,17366189,0.7658559975363622,0.1324412627318521,0.24184926237990387
RJ,2020,8,2020-08-01,128,23,44,17366189,0.7370644186816118,0.1324412627318521,0.25336589392180403
RJ,2020,9,2020-09-01,102,15,31,17366189,0.5873482086369093,0.08637473656425138,0.17850778889945285
RJ,2020,10,2020-10-01,124,7,20,17366189,0.7140311555978114,0.04030821039665064,0.11516631541900184
RJ,2020,11,2020-11-01,124,7,40,17366189,0.7140311555978114,0.04030821039665064,0.23033263083800368
RJ,2020,12,2020-12-01,97,19,15,17366189,0.5585566297821588,0.10940799964805174,0.08637473656425138
RJ,2021,1,2021-01-01,96,10,25,17463349,0.5497227364579382,0.0572627850477019,0.14315696261925476
RJ,2021,2,2021-02-01,159,8,26,17463349,0.9104782822584602,0.045810228038161524,0.14888324112402496
RJ,2021,3,2021-03-01,298,8,26,17463349,1.7064309944215168,0.045810228038161524,0.14888324112402496
RJ,2021,4,2021-04-01,605,19,21,17463349,3.4643984953859652,0.1087992915906336,0.120251848600174
RJ,2021,5,2021-05-01,544,27,35,17463349,3.1150955065949835,0.15460951962879516,0.2004197476669567
RJ,2021,6,2021-06-01,342,20,38,17463349,1.9583872486314051,0.1145255700954038,0.2175985831812672
RJ,2021,7,2021-07-01,266,17,43,17463349,1.5231900822688706,0.09734673458109323,0.2462299757051182
RJ,2021,8,2021-08-01,134,23,35,17463349,0.7673213196392055,0.1317044056097144,0.2004197476669567
RJ,2021,9,2021-09-01,96,19,19,17463349,0.5497227364579382,0.1087992915906336,0.1087992915906336
RJ,2021,10,2021-10-01,94,14,24,17463349,0.538270179448398,0.08016789906678266,0.13743068411448456
RJ,2021,11,2021-11-01,83,13,32,17463349,0.47528111589592575,0.07444162056201248,0.1832409121526461
RJ,2021,12,2021-12-01,123,16,20,17463349,0.7043322560867334,0.09162045607632305,0.1145255700954038
RJ,2022,1,2022-01-01,105,10,25,17463349,0.60125924300087,0.0572627850477019,0.14315696261925476
RJ,2022,2,2022-02-01,243,10,31,17463349,1.3914856766591563,0.0572627850477019,0.1775146336478759
RJ,2022,3,2022-03-01,806,19,34,17463349,4.615380474844773,0.1087992915906336,0.19469346916218647
RJ,2022,4,2022-04-01,2021,16,62,17463349,11.572808858140554,0.09162045607632305,0.3550292672957518
RJ,2022,5,2022-05-01,2846,46,105,17463349,16.296988624575963,0.2634088112194288,0.60125924300087
RJ,2022,6,2022-06-01,1673,31,77,17463349,9.580063938480528,0.1775146336478759,0.44092344486730467
RJ,2022,7,2022-07-01,1041,16,62,17463349,5.961055923465768,0.09162045607632305,0.3550292672957518
RJ,2022,8,2022-08-01,512,24,46,17463349,2.9318545944423375,0.13743068411448456,0.2634088112194288
RJ,2022,9,2022-09-01,345,10,46,17463349,1.9755660841457159,0.0572627850477019,0.2634088112194288
RJ,2022,10,2022-10-01,516,10,49,17463349,2.9547597084614186,0.0572627850477019,0.2805876467337393
RJ,2022,11,2022-11-01,439,7,28,17463349,2.5138362635941136,0.04008394953339133,0.16033579813356533
RJ,2022,12,2022-12-01,535,18,44,17463349,3.063559000052052,0.10307301308586343,0.2519562542098884
RJ,2023,1,2023-01-01,1221,17,53,17463349,6.991786054324402,0.09734673458109323,0.3034927607528201
RJ,2023,2,2023-02-01,2806,23,58,17463349,16.067937484385155,0.1317044056097144,0.33212415327667105
RJ,2023,3,2023-03-01,5585,67,115,17463349,31.981265449141517,0.38366065981960273,0.658522028048572
RJ,2023,4,2023-04-01,9288,32,66,17463349,53.18567475230553,0.1832409121526461,0.37793438131483253
RJ,2023,5,2023-05-01,7046,58,197,17463349,40.34735834461076,0.33212415327667105,1.1280768654397275
RJ,2023,6,2023-06-01,5075,14,135,17463349,29.060863411708716,0.08016789906678266,0.7730475981439757
RJ,2023,7,2023-07-01,3353,12,101,17463349,19.20021182649445,0.06871534205724228,0.5783541289817893
RJ,2023,8,2023-08-01,2042,9,113,17463349,11.693060706740729,0.051536506542931716,0.6470694710390316
RJ,2023,9,2023-09-01,1762,11,84,17463349,10.089702725405076,0.0629890635524721,0.481007394400696
RJ,2023,10,2023-10-01,1623,14,59,17463349,9.293750013242018,0.08016789906678266,0.33785043178144125
RJ,2023,11,2023-11-01,2646,20,72,17463349,15.151732923621923,0.1145255700954038,0.41229205234345373
RJ,2023,12,2023-12-01,7402,33,166,17463349,42.385913492308944,0.18896719065741627,0.9505622317918515
RJ,2024,1,2024-01-01,22937,83,424,17219679,133.202250750435,0.48200666226124195,2.462299093961043
RJ,2024,2,2024-02-01,74905,262,445,17219679,434.9964944178112,1.5215150061740408,2.584252586822321
RJ,2024,3,2024-03-01,105493,124,273,17219679,612.6304677340385,0.7201063387999277,1.585395407196615
RJ,2024,4,2024-04-01,45048,74,232,17219679,261.6076641149931,0.42974087960640844,1.3472957306579294
RJ,2024,5,2024-05-01,26007,62,133,17219679,151.03068994491707,0.36005316939996385,0.7723721214547612
RJ,2024,6,2024-06-01,12729,26,100,17219679,73.92123860148612,0.15099003878063,0.5807309183870384
RJ,2024,7,2024-07-01,5119,31,76,17219679,29.7276157122325,0.18002658469998192,0.44135549797414925
RJ,2024,8,2024-08-01,3549,13,63,17219679,20.610140293555997,0.075495019390315,0.36586047858383425
RJ,2024,9,2024-09-01,2218,15,35,17219679,12.880611769824514,0.08710963775805576,0.20325582143546345
RJ,2024,10,2024-10-01,1476,8,45,17219679,8.571588355392688,0.046458473470963074,0.2613289132741673
RJ,2024,11,2024-11-01,1932,9,90,17219679,11.219721343237582,0.05226578265483346,0.5226578265483346
RJ,2024,12,2024-12-01,1281,10,149,17219679,7.439163064537962,0.05807309183870385,0.8652890683966873
RJ,2025,1,2025-01-01,2675,30,109,17223547,15.531063375041159,0.17418015000046158,0.632854545001677
RJ,2025,2,2025-02-01,6743,164,0,17223547,39.14989171510375,0.9521848200025234,0
RJ,2025,3,2025-03-01,7066,51,0,17223547,41.02523133010872,0.2961062550007847,0
RJ,2025,4,2025-04-01,5400,60,0,17223547,31.352427000083086,0.34836030000092316,0
RJ,2025,5,2025-05-01,1679,32,0,17223547,9.748282395025834,0.18579216000049234,0
RJ,2025,6,2025-06-01,0,39,0,17223547,0,0.22643419500060002,0
RJ,2025,7,2025-07-01,0,28,0,17223547,0,0.1625681400004308,0
RJ,2025,8,2025-08-01,0,43,0,17223547,0,0.2496582150006616,0
RJ,2025,9,2025-09-01,0,36,0,17223547,0,0.20901618000055391,0
RJ,2025,10,2025-10-01,0,38,0,17223547,0,0.22062819000058465,0
RJ,2025,11,2025-11-01,0,12,0,17223547,0,0.06967206000018464,0
RJ,2025,12,2025-12-01,0,7,0,17223547,0,0.0406420350001077,0
RN,2016,1,2016-01-01,3688,92,63,3474998,106.12955748463739,2.647483538120022,1.8129506837126237
RN,2016,2,2016-02-01,16207,645,553,3474998,466.38875763381736,18.56116176181972,15.913678223699698
RN,2016,3,2016-03-01,18173,1688,1777,3474998,522.964329763643,48.57556752550649,51.13672007868781
RN,2016,4,2016-04-01,8545,749,382,3474998,245.89942210038683,21.553969239694528,10.992812082194003
RN,2016,5,2016-05-01,3783,501,195,3474998,108.86337200769613,14.417274484762293,5.611514021015264
RN,2016,6,2016-06-01,2958,256,132,3474998,85.12235114955462,7.366910714768756,3.7985633373026397
RN,2016,7,2016-07-01,1870,207,113,3474998,53.812980611787395,5.9568379607700495,3.2518004326908962
RN,2016,8,2016-08-01,664,135,144,3474998,19.10792466643146,3.884894322241337,4.143887277057425
RN,2016,9,2016-09-01,388,62,185,3474998,11.165474052071398,1.7841736887330581,5.323744071219609
RN,2016,10,2016-10-01,244,43,67,3474998,7.02158677501397,1.2374107841213147,1.9280586636308854
RN,2016,11,2016-11-01,197,60,38,3474998,5.669068010974395,1.7266196987739273,1.0935258092234874
RN,2016,12,2016-12-01,290,47,32,3474998,8.345328544073983,1.3525187640395764,0.9208638393460945
RN,2017,1,2017-01-01,507,56,27,3507003,14.45678831754635,1.596805021267447,0.7698881352539476
RN,2017,2,2017-02-01,523,61,15,3507003,14.913018323622763,1.739376898166326,0.42771563069663754
RN,2017,3,2017-03-01,1082,56,6,3507003,30.852554160917453,1.596805021267447,0.171086252278655
RN,2017,4,2017-04-01,1086,58,41,3507003,30.96661166243656,1.6538337720269987,1.1690893905708093
RN,2017,5,2017-05-01,663,35,43,3507003,18.905030876791383,0.9980031382921543,1.226118141330361
RN,2017,6,2017-06-01,621,52,62,3507003,17.707427110840797,1.4827475197483435,1.7678912735461019
RN,2017,7,2017-07-01,583,50,73,3507003,16.62388084640931,1.4257187689887918,2.081549402723636
RN,2017,8,2017-08-01,642,142,50,3507003,18.306228993816088,4.049041303928169,1.4257187689887918
RN,2017,9,2017-09-01,549,40,43,3507003,15.654392083496935,1.1405750151910334,1.226118141330361
RN,2017,10,2017-10-01,413,53,41,3507003,11.77643703184742,1.5112618951281194,1.1690893905708093
RN,2017,11,2017-11-01,385,49,25,3507003,10.978034521213697,1.397204393609016,0.7128593844943959
RN,2017,12,2017-12-01,411,30,9,3507003,11.719408281087869,0.8554312613932751,0.25662937841798256
RN,2018,1,2018-01-01,346,98,25,3377908,10.243026157017894,2.901203940427034,0.7401030460273045
RN,2018,2,2018-02-01,660,48,22,3377908,19.53872041512084,1.4209978483724246,0.6512906805040279
RN,2018,3,2018-03-01,1952,64,42,3377908,57.78724583381193,1.8946637978298995,1.2433731173258715
RN,2018,4,2018-04-01,3883,112,67,3377908,114.95280510896093,3.315661646202324,1.983476163353176
RN,2018,5,2018-05-01,4293,71,95,3377908,127.09049506380873,2.101892650717545,2.812391574903757
RN,2018,6,2018-06-01,4446,75,133,3377908,131.61992570549583,2.2203091380819133,3.93734820486526
RN,2018,7,2018-07-01,2618,305,253,3377908,77.50359097997932,9.029257161533113,7.489842825796321
RN,2018,8,2018-08-01,2042,183,230,3377908,60.45161679951023,5.417554296919868,6.808948023451201
RN,2018,9,2018-09-01,1510,87,96,3377908,44.70222398004919,2.5755586001750195,2.841995696744849
RN,2018,10,2018-10-01,698,74,49,3377908,20.66367704508234,2.190705016240821,1.450601970213517
RN,2018,11,2018-11-01,638,52,44,3377908,18.88742973461681,1.5394143357367933,1.3025813610080559
RN,2018,12,2018-12-01,626,33,17,3377908,18.532180272523703,0.9769360207560418,0.503270071298567
RN,2019,1,2019-01-01,503,28,5,3404453,14.774767047745994,0.8224522412264174,0.14686647164757452
RN,2019,2,2019-02-01,482,39,13,3404453,14.157927866826183,1.1455584788510813,0.3818528262836937
RN,2019,3,2019-03-01,1413,52,49,3404453,41.504464887604556,1.5274113051347749,1.4392914221462303
RN,2019,4,2019-04-01,3982,118,84,3404453,116.96445802012833,3.4660487308827586,2.4673567236792517
RN,2019,5,2019-05-01,5787,265,271,3404453,169.98325428490276,7.783922997321449,7.9601627632985394
RN,2019,6,2019-06-01,7444,389,589,3404453,218.65480298890895,11.426211494181297,17.30087036008428
RN,2019,7,2019-07-01,4306,295,905,3404453,126.48140538289118,8.665121827206896,26.582831368210986
RN,2019,8,2019-08-01,3675,226,569,3404453,107.94685666096727,6.638364518470368,16.71340447349398
RN,2019,9,2019-09-01,1924,113,282,3404453,56.51421828998667,3.319182259235184,8.283269000923202
RN,2019,10,2019-10-01,1200,70,180,3404453,35.247953195417885,2.0561306030660433,5.287192979312683
RN,2019,11,2019-11-01,700,33,76,3404453,20.561306030660432,0.9693187128739917,2.2323703690431325
RN,2019,12,2019-12-01,480,38,55,3404453,14.099181278167153,1.1161851845215662,1.6155311881233199
RN,2020,1,2020-01-01,527,71,61,3430493,15.362223447183831,2.0696733676471575,1.7781700764292478
RN,2020,2,2020-02-01,978,49,40,3430493,28.50902188111155,1.4283661269677566,1.166013164871638
RN,2020,3,2020-03-01,767,75,117,3430493,22.35830243641366,2.1862746841343212,3.4105885072495408
RN,2020,4,2020-04-01,458,125,234,3430493,13.350850737780254,3.643791140223869,6.8211770144990815
RN,2020,5,2020-05-01,1102,171,418,3430493,32.12366269221363,4.984706279826253,12.184837572908616
RN,2020,6,2020-06-01,1036,271,605,3430493,30.199740970175423,7.899739192005347,17.635949118683524
RN,2020,7,2020-07-01,890,364,948,3430493,25.943792918393942,10.610719800331905,27.634512007457822
RN,2020,8,2020-08-01,546,197,568,3430493,15.916079700497857,5.742614836992817,16.55738694117726
RN,2020,9,2020-09-01,228,90,394,3430493,6.646275039768336,2.6235296209611856,11.485229673985634
RN,2020,10,2020-10-01,182,55,163,3430493,5.305359900165953,1.6032681016985022,4.7515036468519245
RN,2020,11,2020-11-01,133,49,125,3430493,3.8769937731981963,1.4283661269677566,3.643791140223869
RN,2020,12,2020-12-01,97,51,66,3430493,2.827581924813722,1.4866667852113384,1.9239217220382026
RN,2021,1,2021-01-01,113,29,35,3560903,3.173352377191965,0.814400167597938,0.9828967539975113
RN,2021,2,2021-02-01,142,27,32,3560903,3.987752544789903,0.7582346387980802,0.8986484607977246
RN,2021,3,2021-03-01,141,36,61,3560903,3.9596697803899743,1.0109795183974402,1.7130486283956625
RN,2021,4,2021-04-01,206,44,80,3560903,5.7850494663853524,1.2356416335968714,2.2466211519943116
RN,2021,5,2021-05-01,516,134,327,3560903,14.490706430363309,3.7630904295904717,9.183063958776748
RN,2021,6,2021-06-01,530,128,369,3560903,14.883865131962313,3.5945938431908986,10.362540063573762
RN,2021,7,2021-07-01,521,146,301,3560903,14.631120252362953,4.100083602389619,8.452912084378598
RN,2021,8,2021-08-01,421,97,242,3560903,11.822843812370063,2.7240281467931027,6.796028984782793
RN,2021,9,2021-09-01,308,77,186,3560903,8.6494914351781,2.162372858794525,5.2233941783867746
RN,2021,10,2021-10-01,338,77,115,3560903,9.491974367175967,2.162372858794525,3.229517905991823
RN,2021,11,2021-11-01,290,81,166,3560903,8.14400167597938,2.2747039163942406,4.661738890388197
RN,2021,12,2021-12-01,289,44,167,3560903,8.11591891157945,1.2356416335968714,4.689821654788125
RN,2022,1,2022-01-01,216,36,195,3560903,6.065877110384641,1.0109795183974402,5.476139057986135
RN,2022,2,2022-02-01,415,124,136,3560903,11.65434722597049,3.4822627855911827,3.81925595839033
RN,2022,3,2022-03-01,1561,208,469,3560903,43.837195228289005,5.84121499518521,13.170816503566652
RN,2022,4,2022-04-01,6430,629,525,3560903,180.5721750915428,17.664058807555275,14.74345130996267
RN,2022,5,2022-05-01,8819,2249,1062,3560903,247.66189924297294,63.158137135440086,29.823895792724485
RN,2022,6,2022-06-01,9657,2108,1117,3560903,271.19525581011334,59.19846735505011,31.368447834720577
RN,2022,7,2022-07-01,7182,1115,507,3560903,201.6904139202893,31.312282305920714,14.23796155076395
RN,2022,8,2022-08-01,4007,882,773,3560903,112.52763695051507,24.768998200737286,21.707976881145036
RN,2022,9,2022-09-01,1889,353,394,3560903,53.04834195146569,9.913215833174899,11.064609173571984
RN,2022,10,2022-10-01,960,149,169,3560903,26.95945382393174,4.184331895589405,4.745987183587983
RN,2022,11,2022-11-01,608,135,84,3560903,17.07432075515677,3.7911731939904008,2.3589522095940274
RN,2022,12,2022-12-01,367,77,55,3560903,10.306374534773903,2.162372858794525,1.5445520419960892
RN,2023,1,2023-01-01,442,75,62,3560903,12.41258186476857,2.106207329994667,1.7411313927955914
RN,2023,2,2023-02-01,480,94,50,3560903,13.47972691196587,2.639779853593316,1.4041382199964447
RN,2023,3,2023-03-01,630,194,83,3560903,17.692141571955204,5.448056293586205,2.3308694451940983
RN,2023,4,2023-04-01,1978,361,137,3560903,55.54770798305935,10.13787794837433,3.8473387227902585
RN,2023,5,2023-05-01,1057,203,166,3560903,29.68348197072484,5.700801173185566,4.661738890388197
RN,2023,6,2023-06-01,568,113,96,3560903,15.951010179159612,3.173352377191965,2.695945382393174
RN,2023,7,2023-07-01,547,81,75,3560903,15.361272126761106,2.2747039163942406,2.106207329994667
RN,2023,8,2023-08-01,338,76,63,3560903,9.491974367175967,2.134290094394596,1.7692141571955204
RN,2023,9,2023-09-01,422,63,50,3560903,11.850926576769993,1.7692141571955204,1.4041382199964447
RN,2023,10,2023-10-01,367,58,58,3560903,10.306374534773903,1.628800335195876,1.628800335195876
RN,2023,11,2023-11-01,426,59,52,3560903,11.96325763436971,1.6568830995958048,1.4603037487963024
RN,2023,12,2023-12-01,423,31,23,3560903,11.879009341169922,0.8705656963977957,0.6459035811983646
RN,2024,1,2024-01-01,483,117,45,3446071,14.015961946228037,3.395170906229152,1.3058349639342892
RN,2024,2,2024-02-01,1367,339,83,3446071,39.6683643488483,9.837290061638312,2.4085400445899112
RN,2024,3,2024-03-01,5413,1106,217,3446071,157.07743688391795,32.09452155802942,6.297026381638684
RN,2024,4,2024-04-01,3345,669,257,3446071,97.06706565244883,19.41341313048977,7.457768571802497
RN,2024,5,2024-05-01,1743,273,207,3446071,50.579340936388135,7.922065447868021,6.006840834097731
RN,2024,6,2024-06-01,1233,118,143,3446071,35.779878011799525,3.4241894609832477,4.14965332983563
RN,2024,7,2024-07-01,1055,151,182,3446071,30.614575265570558,4.381801767868393,5.2813769652453475
RN,2024,8,2024-08-01,922,112,132,3446071,26.75510748327588,3.2500781324586754,3.8304492275405813
RN,2024,9,2024-09-01,512,71,53,3446071,14.857500034096802,2.0603173875407674,1.5379834019670517
RN,2024,10,2024-10-01,438,58,43,3446071,12.710126982293747,1.6830761757375283,1.2477978544260986
RN,2024,11,2024-11-01,548,36,42,3446071,15.902168005244233,1.0446679711474314,1.2187792996720033
RN,2024,12,2024-12-01,418,37,30,3446071,12.129755887211843,1.0736865259015267,0.8705566426228596
RN,2025,1,2025-01-01,360,70,12,3455236,10.418969934325759,2.0259108205633423,0.34729899781085866
RN,2025,2,2025-02-01,578,115,0,3455236,16.728235061223025,3.328282062354062,0
RN,2025,3,2025-03-01,1084,241,0,3455236,31.372676135580896,6.974921539368078,0
RN,2025,4,2025-04-01,1696,268,0,3455236,49.084925023934694,7.75634428444251,0
RN,2025,5,2025-05-01,643,190,0,3455236,18.609437966031845,5.4989007986719285,0
RN,2025,6,2025-06-01,0,132,0,3455236,0,3.8202889759194454,0
RN,2025,7,2025-07-01,0,200,0,3455236,0,5.788316630180978,0
RN,2025,8,2025-08-01,0,191,0,3455236,0,5.5278423818228335,0
RN,2025,9,2025-09-01,0,136,0,3455236,0,3.9360553085230645,0
RN,2025,10,2025-10-01,0,123,0,3455236,0,3.5598147275613012,0
RN,2025,11,2025-11-01,0,74,0,3455236,0,2.141677153166962,0
RN,2025,12,2025-12-01,0,36,0,3455236,0,1.041896993432576,0
RO,2016,1,2016-01-01,1907,60,10,1276060,149.44438349293918,4.701973261445387,0.7836622102408978
RO,2016,2,2016-02-01,2199,462,16,1276060,172.32732003197341,36.20519411312947,1.2538595363854366
RO,2016,3,2016-03-01,1531,467,11,1276060,119.97868438788144,36.597025218249925,0.8620284312649875
RO,2016,4,2016-04-01,975,306,9,1276060,76.40706549848753,23.980063633371472,0.705295989216808
RO,2016,5,2016-05-01,249,158,3,1276060,19.513189034998355,12.381862921806183,0.23509866307226931
RO,2016,6,2016-06-01,98,122,3,1276060,7.679889660360799,9.560678964938953,0.23509866307226931
RO,2016,7,2016-07-01,117,88,10,1276060,9.168847859818504,6.8962274501199,0.7836622102408978
RO,2016,8,2016-08-01,24,53,7,1276060,1.8807893045781545,4.1534097142767585,0.5485635471686284
RO,2016,9,2016-09-01,34,36,12,1276060,2.6644515148190524,2.821183956867232,0.9403946522890773
RO,2016,10,2016-10-01,51,38,7,1276060,3.9966772722285784,2.9779163989154114,0.5485635471686284
RO,2016,11,2016-11-01,166,37,3,1276060,13.008792689998902,2.8995501778913217,0.23509866307226931
RO,2016,12,2016-12-01,564,62,11,1276060,44.198548657586635,4.858705703493566,0.8620284312649875
RO,2017,1,2017-01-01,586,101,18,1286352,45.555182407303754,7.851661131634264,1.3993059442516511
RO,2017,2,2017-02-01,524,110,18,1286352,40.73535082154807,8.55131410376009,1.3993059442516511
RO,2017,3,2017-03-01,378,87,8,1286352,29.385424829284677,6.763312063882982,0.6219137530007338
RO,2017,4,2017-04-01,196,37,5,1286352,15.236886948517979,2.876351107628394,0.38869609562545865
RO,2017,5,2017-05-01,85,41,8,1286352,6.607833625632797,3.1873079841287613,0.6219137530007338
RO,2017,6,2017-06-01,67,24,8,1286352,5.208527681381146,1.8657412590022018,0.6219137530007338
RO,2017,7,2017-07-01,47,18,10,1286352,3.6537432988793115,1.3993059442516511,0.7773921912509173
RO,2017,8,2017-08-01,47,26,11,1286352,3.6537432988793115,2.021219697252385,0.855131410376009
RO,2017,9,2017-09-01,57,8,5,1286352,4.431135490130228,0.6219137530007338,0.38869609562545865
RO,2017,10,2017-10-01,35,19,5,1286352,2.7208726693782106,1.4770451633767427,0.38869609562545865
RO,2017,11,2017-11-01,71,27,2,1286352,5.519484557881513,2.0989589163774767,0.15547843825018345
RO,2017,12,2017-12-01,100,16,8,1286352,7.773921912509174,1.2438275060014676,0.6219137530007338
RO,2018,1,2018-01-01,94,41,10,1238058,7.592536052430501,3.311638065421814,0.8077166013223935
RO,2018,2,2018-02-01,78,31,8,1238058,6.30018949031467,2.5039214640994203,0.6461732810579149
RO,2018,3,2018-03-01,60,22,8,1238058,4.846299607934362,1.776976522909266,0.6461732810579149
RO,2018,4,2018-04-01,53,40,10,1238058,4.280897987008686,3.230866405289574,0.8077166013223935
RO,2018,5,2018-05-01,59,21,11,1238058,4.765527947802122,1.6962048627770265,0.888488261454633
RO,2018,6,2018-06-01,35,17,7,1238058,2.8270081046283777,1.3731182222480691,0.5654016209256756
RO,2018,7,2018-07-01,27,19,6,1238058,2.180834823570463,1.5346615425125478,0.4846299607934362
RO,2018,8,2018-08-01,23,17,5,1238058,1.8577481830415052,1.3731182222480691,0.40385830066119677
RO,2018,9,2018-09-01,26,11,5,1238058,2.1000631634382234,0.888488261454633,0.40385830066119677
RO,2018,10,2018-10-01,31,13,2,1238058,2.5039214640994203,1.0500315817191117,0.16154332026447873
RO,2018,11,2018-11-01,33,18,2,1238058,2.665464784363899,1.4538898823803086,0.16154332026447873
RO,2018,12,2018-12-01,19,21,2,1238058,1.5346615425125478,1.6962048627770265,0.16154332026447873
RO,2019,1,2019-01-01,33,20,0,1247681,2.6449068311531554,1.6029738370625182,0
RO,2019,2,2019-02-01,41,23,11,1247681,3.2860963659781626,1.8434199126218962,0.8816356103843851
RO,2019,3,2019-03-01,64,15,31,1247681,5.129516278600059,1.2022303777968888,2.4846094474469034
RO,2019,4,2019-04-01,83,64,30,1247681,6.652341423809451,5.129516278600059,2.4044607555937776
RO,2019,5,2019-05-01,64,53,8,1247681,5.129516278600059,4.247880668215673,0.6411895348250074
RO,2019,6,2019-06-01,101,42,3,1247681,8.095017877165718,3.3662450578312884,0.24044607555937778
RO,2019,7,2019-07-01,115,33,4,1247681,9.21709956310948,2.6449068311531554,0.3205947674125037
RO,2019,8,2019-08-01,83,37,5,1247681,6.652341423809451,2.965501598565659,0.40074345926562954
RO,2019,9,2019-09-01,27,32,1,1247681,2.1640146800344,2.5647581393000296,0.08014869185312593
RO,2019,10,2019-10-01,59,37,1,1247681,4.728772819334429,2.965501598565659,0.08014869185312593
RO,2019,11,2019-11-01,138,49,2,1247681,11.060519475731377,3.9272859008031697,0.16029738370625185
RO,2019,12,2019-12-01,179,27,10,1247681,14.34661584170954,2.1640146800344,0.8014869185312591
RO,2020,1,2020-01-01,321,56,10,1257106,25.53483954415936,4.454676057548051,0.7954778674192947
RO,2020,2,2020-02-01,741,115,25,1257106,58.94490997576975,9.14799547532189,1.9886946685482367
RO,2020,3,2020-03-01,746,120,17,1257106,59.342648909479394,9.545734409031539,1.3523123746128012
RO,2020,4,2020-04-01,573,116,13,1257106,45.58088180312559,9.22754326206382,1.034121227645083
RO,2020,5,2020-05-01,619,45,7,1257106,49.24007999325434,3.5796504033868266,0.5568345071935064
RO,2020,6,2020-06-01,276,51,8,1257106,21.955189140772536,4.056937123838403,0.6363822939354358
RO,2020,7,2020-07-01,199,22,6,1257106,15.830009561643966,1.7500513083224485,0.4772867204515769
RO,2020,8,2020-08-01,128,11,4,1257106,10.182116702966972,0.8750256541612242,0.3181911469677179
RO,2020,9,2020-09-01,36,16,3,1257106,2.863720322709461,1.2727645878708715,0.23864336022578844
RO,2020,10,2020-10-01,50,14,1,1257106,3.9773893370964735,1.1136690143870127,0.07954778674192947
RO,2020,11,2020-11-01,74,11,1,1257106,5.886536218902782,0.8750256541612242,0.07954778674192947
RO,2020,12,2020-12-01,197,8,11,1257106,15.670913988160109,0.6363822939354358,0.8750256541612242
RO,2021,1,2021-01-01,284,19,7,1266326,22.42708433689271,1.5004035295808504,0.5527802477403133
RO,2021,2,2021-02-01,315,57,10,1266326,24.875111148314097,4.501210588742551,0.7896860682004476
RO,2021,3,2021-03-01,256,73,19,1266326,20.21596334593146,5.764708297863267,1.5004035295808504
RO,2021,4,2021-04-01,191,46,13,1266326,15.083003902628551,3.632555913722059,1.0265918886605818
RO,2021,5,2021-05-01,202,23,16,1266326,15.951658577649042,1.8162779568610294,1.2634977091207162
RO,2021,6,2021-06-01,139,8,25,1266326,10.976636347986222,0.6317488545603581,1.9742151705011188
RO,2021,7,2021-07-01,88,3,15,1266326,6.9492374001639385,0.23690582046013428,1.1845291023006714
RO,2021,8,2021-08-01,44,18,13,1266326,3.4746187000819693,1.4214349227608056,1.0265918886605818
RO,2021,9,2021-09-01,23,12,3,1266326,1.8162779568610294,0.9476232818405371,0.23690582046013428
RO,2021,10,2021-10-01,54,13,4,1266326,4.264304768282417,1.0265918886605818,0.31587442728017906
RO,2021,11,2021-11-01,210,10,8,1266326,16.5834074322094,0.7896860682004476,0.6317488545603581
RO,2021,12,2021-12-01,434,14,3,1266326,34.27237535989943,1.1055604954806266,0.23690582046013428
RO,2022,1,2022-01-01,1040,33,9,1266326,82.12735109284655,2.605964025061477,0.7107174613804028
RO,2022,2,2022-02-01,1383,14,5,1266326,109.2135832321219,1.1055604954806266,0.3948430341002238
RO,2022,3,2022-03-01,1822,31,9,1266326,143.88080162612155,2.4480268114213874,0.7107174613804028
RO,2022,4,2022-04-01,2502,60,15,1266326,197.57945426375198,4.738116409202686,1.1845291023006714
RO,2022,5,2022-05-01,1506,73,16,1266326,118.92672187098741,5.764708297863267,1.2634977091207162
RO,2022,6,2022-06-01,865,16,2,1266326,68.30784489933872,1.2634977091207162,0.15793721364008953
RO,2022,7,2022-07-01,763,17,6,1266326,60.25304700369416,1.3424663159407608,0.47381164092026856
RO,2022,8,2022-08-01,386,22,7,1266326,30.481882232537277,1.7373093500409846,0.5527802477403133
RO,2022,9,2022-09-01,327,9,4,1266326,25.822734430154636,0.7107174613804028,0.31587442728017906
RO,2022,10,2022-10-01,503,4,6,1266326,39.721209230482515,0.31587442728017906,0.47381164092026856
RO,2022,11,2022-11-01,892,23,2,1266326,70.43999728347993,1.8162779568610294,0.15793721364008953
RO,2022,12,2022-12-01,2276,13,3,1266326,179.73254912242186,1.0265918886605818,0.23690582046013428
RO,2023,1,2023-01-01,2808,24,12,1266326,221.7438479506857,1.8952465636810742,0.9476232818405371
RO,2023,2,2023-02-01,2467,30,17,1266326,194.8155530250504,2.369058204601343,1.3424663159407608
RO,2023,3,2023-03-01,2145,82,17,1266326,169.387661628996,6.47542575924367,1.3424663159407608
RO,2023,4,2023-04-01,1411,74,19,1266326,111.42470422308315,5.843676904683312,1.5004035295808504
RO,2023,5,2023-05-01,554,48,4,1266326,43.74860817830479,3.7904931273621485,0.31587442728017906
RO,2023,6,2023-06-01,298,31,1,1266326,23.53264483237334,2.4480268114213874,0.07896860682004476
RO,2023,7,2023-07-01,228,27,3,1266326,18.004842354970204,2.1321523841412087,0.23690582046013428
RO,2023,8,2023-08-01,148,24,2,1266326,11.687353809366623,1.8952465636810742,0.15793721364008953
RO,2023,9,2023-09-01,131,23,1,1266326,10.344887493425864,1.8162779568610294,0.07896860682004476
RO,2023,10,2023-10-01,204,19,0,1266326,16.10959579128913,1.5004035295808504,0
RO,2023,11,2023-11-01,141,33,0,1266326,11.134573561626311,2.605964025061477,0
RO,2023,12,2023-12-01,186,79,1,1266326,14.688160868528325,6.238519938783536,0.07896860682004476
RO,2024,1,2024-01-01,471,608,15,1746227,26.97243829124163,34.81792458826945,0.8589948500395423
RO,2024,2,2024-02-01,1203,589,41,1746227,68.8913869731713,33.72986444488603,2.347919256774749
RO,2024,3,2024-03-01,2147,451,91,1746227,122.9507962023265,25.827111824522238,5.211235423573224
RO,2024,4,2024-04-01,646,288,37,1746227,36.99404487503629,16.492701120759214,2.118853963430871
RO,2024,5,2024-05-01,230,123,18,1746227,13.171254367272983,7.043757770324248,1.030793820047451
RO,2024,6,2024-06-01,152,48,7,1746227,8.704481147067362,2.7487835201265356,0.4008642633517865
RO,2024,7,2024-07-01,89,36,7,1746227,5.096702776901284,2.061587640094902,0.4008642633517865
RO,2024,8,2024-08-01,101,27,7,1746227,5.7838986569329185,1.5461907300711764,0.4008642633517865
RO,2024,9,2024-09-01,41,25,7,1746227,2.347919256774749,1.4316580833992374,0.4008642633517865
RO,2024,10,2024-10-01,30,47,8,1746227,1.7179897000790847,2.6915171967905662,0.45813058668775597
RO,2024,11,2024-11-01,67,63,11,1746227,3.836843663509956,3.607778370166078,0.6299295566956644
RO,2024,12,2024-12-01,72,92,5,1746227,4.123175280189804,5.268501746909194,0.28633161667984747
RO,2025,1,2025-01-01,118,231,8,1751950,6.735352036302406,13.185307799880135,0.45663403635948513
RO,2025,2,2025-02-01,208,254,0,1751950,11.872484945346613,14.498130654413654,0
RO,2025,3,2025-03-01,1474,346,0,1751950,84.13482119923515,19.749422072547734,0
RO,2025,4,2025-04-01,643,444,0,1751950,36.70196067239362,25.343189017951428,0
RO,2025,5,2025-05-01,80,490,0,1751950,4.566340363594851,27.968834727018468,0
RO,2025,6,2025-06-01,0,263,0,1751950,0,15.011843945318073,0
RO,2025,7,2025-07-01,0,98,0,1751950,0,5.593766945403693,0
RO,2025,8,2025-08-01,0,87,0,1751950,0,4.965895145409401,0
RO,2025,9,2025-09-01,0,65,0,1751950,0,3.7101515454208167,0
RO,2025,10,2025-10-01,0,40,0,1751950,0,2.2831701817974257,0
RO,2025,11,2025-11-01,0,34,0,1751950,0,1.9406946545278119,0
RO,2025,12,2025-12-01,0,12,0,1751950,0,0.6849510545392277,0
RR,2016,1,2016-01-01,15,2,3,514229,2.9169883456592296,0.38893177942123064,0.583397669131846
RR,2016,2,2016-02-01,15,25,3,514229,2.9169883456592296,4.8616472427653825,0.583397669131846
RR,2016,3,2016-03-01,39,45,7,514229,7.584169698713997,8.75096503697769,1.3612612279743073
RR,2016,4,2016-04-01,16,39,5,514229,3.111454235369845,7.584169698713997,0.9723294485530766
RR,2016,5,2016-05-01,9,33,3,514229,1.7501930073955376,6.417374360450306,0.583397669131846
RR,2016,6,2016-06-01,8,35,2,514229,1.5557271176849226,6.806306139871537,0.38893177942123064
RR,2016,7,2016-07-01,18,44,0,514229,3.5003860147910753,8.556499147267074,0
RR,2016,8,2016-08-01,34,44,4,514229,6.611840250160921,8.556499147267074,0.7778635588424613
RR,2016,9,2016-09-01,24,23,1,514229,4.667181353054768,4.472715463344152,0.19446588971061532
RR,2016,10,2016-10-01,16,22,4,514229,3.111454235369845,4.278249573633537,0.7778635588424613
RR,2016,11,2016-11-01,9,30,7,514229,1.7501930073955376,5.833976691318459,1.3612612279743073
RR,2016,12,2016-12-01,8,19,6,514229,1.5557271176849226,3.6948519045016908,1.166795338263692
RR,2017,1,2017-01-01,14,35,34,522636,2.6787285988718725,6.696821497179682,6.505483740117405
RR,2017,2,2017-02-01,11,58,100,522636,2.1047153276850428,11.097589909612044,19.13377570622766
RR,2017,3,2017-03-01,29,107,182,522636,5.548794954806022,20.4731400056636,34.82347178533434
RR,2017,4,2017-04-01,43,84,165,522636,8.227523553677894,16.072371593231235,31.570729915275642
RR,2017,5,2017-05-01,46,121,393,522636,8.801536824864725,23.15186860453547,75.19573852547471
RR,2017,6,2017-06-01,41,145,477,522636,7.844848039553342,27.743974774030107,91.26811011870595
RR,2017,7,2017-07-01,48,168,552,522636,9.184212338989278,32.14474318646247,105.61844189837669
RR,2017,8,2017-08-01,22,69,189,522636,4.2094306553700855,13.202305237297086,36.162836084770284
RR,2017,9,2017-09-01,13,28,42,522636,2.487390841809596,5.357457197743745,8.036185796615618
RR,2017,10,2017-10-01,8,13,13,522636,1.5307020564982128,2.487390841809596,2.487390841809596
RR,2017,11,2017-11-01,7,13,10,522636,1.3393642994359363,2.487390841809596,1.913377570622766
RR,2017,12,2017-12-01,6,12,1,522636,1.1480265423736598,2.2960530847473195,0.1913377570622766
RR,2018,1,2018-01-01,1,5,5,576568,0.17344007992118884,0.8672003996059442,0.8672003996059442
RR,2018,2,2018-02-01,0,9,3,576568,0,1.5609607192906994,0.52032023976356645
RR,2018,3,2018-03-01,2,8,7,576568,0.3468801598423777,1.3875206393695108,1.2140805594483217
RR,2018,4,2018-04-01,1,9,5,576568,0.17344007992118884,1.5609607192906994,0.8672003996059442
RR,2018,5,2018-05-01,2,19,4,576568,0.3468801598423777,3.295361518502588,0.6937603196847554
RR,2018,6,2018-06-01,8,14,6,576568,1.3875206393695108,2.4281611188966434,1.040640479527133
RR,2018,7,2018-07-01,10,17,8,576568,1.7344007992118884,2.94848135866021,1.3875206393695108
RR,2018,8,2018-08-01,23,18,7,576568,3.989121838187343,3.1219214385813987,1.2140805594483217
RR,2018,9,2018-09-01,18,18,4,576568,3.1219214385813987,3.1219214385813987,0.6937603196847554
RR,2018,10,2018-10-01,20,7,8,576568,3.4688015984237768,1.2140805594483217,1.3875206393695108
RR,2018,11,2018-11-01,13,7,4,576568,2.254721038975455,1.2140805594483217,0.6937603196847554
RR,2018,12,2018-12-01,13,16,2,576568,2.254721038975455,2.7750412787390215,0.3468801598423777
RR,2019,1,2019-01-01,28,10,2,605761,4.622285026602901,1.6508160809296077,0.3301632161859215
RR,2019,2,2019-02-01,31,16,2,605761,5.117529850881783,2.641305729487372,0.3301632161859215
RR,2019,3,2019-03-01,64,11,3,605761,10.565222917949487,1.8158976890225682,0.4952448242788823
RR,2019,4,2019-04-01,47,10,5,605761,7.758835580369155,1.6508160809296077,0.8254080404648039
RR,2019,5,2019-05-01,67,6,1,605761,11.06046774222837,0.9904896485577646,0.16508160809296074
RR,2019,6,2019-06-01,72,10,4,605761,11.885875782693175,1.6508160809296077,0.660326432371843
RR,2019,7,2019-07-01,51,7,4,605761,8.419162012741,1.1555712566507252,0.660326432371843
RR,2019,8,2019-08-01,77,21,1,605761,12.711283823157979,3.466713769952176,0.16508160809296074
RR,2019,9,2019-09-01,163,36,5,605761,26.908302119152605,5.942937891346587,0.8254080404648039
RR,2019,10,2019-10-01,227,45,2,605761,37.47352503710209,7.428672364183234,0.3301632161859215
RR,2019,11,2019-11-01,488,10,5,605761,80.55982474936485,1.6508160809296077,0.8254080404648039
RR,2019,12,2019-12-01,275,7,1,605761,45.397442225564205,1.1555712566507252,0.16508160809296074
RR,2020,1,2020-01-01,158,23,1,631181,25.032439189392584,3.6439626668103124,0.15843315942653535
RR,2020,2,2020-02-01,237,24,1,631181,37.54865878408887,3.802395826236848,0.15843315942653535
RR,2020,3,2020-03-01,38,13,3,631181,6.020460058208343,2.0596310725449594,0.475299478279606
RR,2020,4,2020-04-01,11,0,0,631181,1.7427647536918884,0,0
RR,2020,5,2020-05-01,2,2,0,631181,0.3168663188530707,0.3168663188530707,0
RR,2020,6,2020-06-01,5,0,2,631181,0.7921657971326767,0,0.3168663188530707
RR,2020,7,2020-07-01,9,3,0,631181,1.425898434838818,0.475299478279606,0
RR,2020,8,2020-08-01,14,3,2,631181,2.218064231971495,0.475299478279606,0.3168663188530707
RR,2020,9,2020-09-01,7,1,2,631181,1.1090321159857475,0.15843315942653535,0.3168663188530707
RR,2020,10,2020-10-01,7,3,4,631181,1.1090321159857475,0.475299478279606,0.6337326377061414
RR,2020,11,2020-11-01,4,0,0,631181,0.6337326377061414,0,0
RR,2020,12,2020-12-01,6,2,1,631181,0.950598956559212,0.3168663188530707,0.15843315942653535
RR,2021,1,2021-01-01,12,3,3,652713,1.8384803121739568,0.4596200780434892,0.4596200780434892
RR,2021,2,2021-02-01,10,0,2,652713,1.532066926811631,0,0.30641338536232615
RR,2021,3,2021-03-01,8,9,4,652713,1.2256535414493046,1.3788602341304679,0.6128267707246523
RR,2021,4,2021-04-01,18,19,13,652713,2.7577204682609358,2.9109271609420984,1.99168700485512
RR,2021,5,2021-05-01,19,26,7,652713,2.9109271609420984,3.98337400971024,1.0724468487681416
RR,2021,6,2021-06-01,19,34,12,652713,2.9109271609420984,5.2090275511595445,1.8384803121739568
RR,2021,7,2021-07-01,12,18,11,652713,1.8384803121739568,2.7577204682609358,1.685273619492794
RR,2021,8,2021-08-01,5,25,13,652713,0.7660334634058155,3.830167317029077,1.99168700485512
RR,2021,9,2021-09-01,1,23,5,652713,0.15320669268116308,3.523753931666751,0.7660334634058155
RR,2021,10,2021-10-01,5,11,2,652713,0.7660334634058155,1.685273619492794,0.30641338536232615
RR,2021,11,2021-11-01,7,13,5,652713,1.0724468487681416,1.99168700485512,0.7660334634058155
RR,2021,12,2021-12-01,0,13,1,652713,0,1.99168700485512,0.15320669268116308
RR,2022,1,2022-01-01,2,9,2,652713,0.30641338536232615,1.3788602341304679,0.30641338536232615
RR,2022,2,2022-02-01,1,8,1,652713,0.15320669268116308,1.2256535414493046,0.15320669268116308
RR,2022,3,2022-03-01,2,5,3,652713,0.30641338536232615,0.7660334634058155,0.4596200780434892
RR,2022,4,2022-04-01,2,11,5,652713,0.30641338536232615,1.685273619492794,0.7660334634058155
RR,2022,5,2022-05-01,4,14,5,652713,0.6128267707246523,2.144893697536283,0.7660334634058155
RR,2022,6,2022-06-01,6,10,8,652713,0.9192401560869784,1.532066926811631,1.2256535414493046
RR,2022,7,2022-07-01,10,11,8,652713,1.532066926811631,1.685273619492794,1.2256535414493046
RR,2022,8,2022-08-01,9,19,22,652713,1.3788602341304679,2.9109271609420984,3.370547238985588
RR,2022,9,2022-09-01,3,11,20,652713,0.4596200780434892,1.685273619492794,3.064133853623262
RR,2022,10,2022-10-01,6,7,1,652713,0.9192401560869784,1.0724468487681416,0.15320669268116308
RR,2022,11,2022-11-01,12,9,4,652713,1.8384803121739568,1.3788602341304679,0.6128267707246523
RR,2022,12,2022-12-01,3,3,0,652713,0.4596200780434892,0.4596200780434892,0
RR,2023,1,2023-01-01,8,5,2,652713,1.2256535414493046,0.7660334634058155,0.30641338536232615
RR,2023,2,2023-02-01,10,33,5,652713,1.532066926811631,5.0558208584783815,0.7660334634058155
RR,2023,3,2023-03-01,3,14,6,652713,0.4596200780434892,2.144893697536283,0.9192401560869784
RR,2023,4,2023-04-01,10,10,3,652713,1.532066926811631,1.532066926811631,0.4596200780434892
RR,2023,5,2023-05-01,11,0,4,652713,1.685273619492794,0,0.6128267707246523
RR,2023,6,2023-06-01,12,7,5,652713,1.8384803121739568,1.0724468487681416,0.7660334634058155
RR,2023,7,2023-07-01,16,24,3,652713,2.451307082898609,3.6769606243479136,0.4596200780434892
RR,2023,8,2023-08-01,47,119,5,652713,7.200714556014665,18.231596429058406,0.7660334634058155
RR,2023,9,2023-09-01,76,40,1,652713,11.643708643768393,6.128267707246524,0.15320669268116308
RR,2023,10,2023-10-01,11,17,2,652713,1.685273619492794,2.6045137755797723,0.30641338536232615
RR,2023,11,2023-11-01,9,14,0,652713,1.3788602341304679,2.144893697536283,0
RR,2023,12,2023-12-01,20,18,2,652713,3.064133853623262,2.7577204682609358,0.30641338536232615
RR,2024,1,2024-01-01,27,23,1,716793,3.7667778563685745,3.2087366924621192,0.13951029097661388
RR,2024,2,2024-02-01,52,63,1,716793,7.254535130783923,8.789148331526674,0.13951029097661388
RR,2024,3,2024-03-01,54,56,2,716793,7.533555712737149,7.812576294690378,0.27902058195322776
RR,2024,4,2024-04-01,40,31,4,716793,5.580411639064556,4.324819020275031,0.5580411639064555
RR,2024,5,2024-05-01,70,125,1,716793,9.765720368362972,17.438786372076738,0.13951029097661388
RR,2024,6,2024-06-01,183,61,3,716793,25.530383248720344,8.510127749573448,0.41853087292984165
RR,2024,7,2024-07-01,71,11,3,716793,9.905230659339587,1.5346132007427526,0.41853087292984165
RR,2024,8,2024-08-01,102,18,2,716793,14.230049679614618,2.51118523757905,0.27902058195322776
RR,2024,9,2024-09-01,40,91,4,716793,5.580411639064556,12.695436478871864,0.5580411639064555
RR,2024,10,2024-10-01,30,14,3,716793,4.185308729298417,1.9531440736725945,0.41853087292984165
RR,2024,11,2024-11-01,23,14,0,716793,3.2087366924621192,1.9531440736725945,0
RR,2024,12,2024-12-01,14,15,6,716793,1.9531440736725945,2.0926543646492086,0.8370617458596833
RR,2025,1,2025-01-01,18,10,3,738772,2.436475665022497,1.353597591679165,0.40607927750374945
RR,2025,2,2025-02-01,30,13,0,738772,4.060792775037495,1.7596768691829145,0
RR,2025,3,2025-03-01,55,6,0,738772,7.444786754235406,0.8121585550074989,0
RR,2025,4,2025-04-01,78,10,0,738772,10.558061215097487,1.353597591679165,0
RR,2025,5,2025-05-01,53,18,0,738772,7.174067235899574,2.436475665022497,0
RR,2025,6,2025-06-01,0,13,0,738772,0,1.7596768691829145,0
RR,2025,7,2025-07-01,0,6,0,738772,0,0.8121585550074989,0
RR,2025,8,2025-08-01,0,11,0,738772,0,1.4889573508470815,0
RR,2025,9,2025-09-01,0,10,0,738772,0,1.353597591679165,0
RR,2025,10,2025-10-01,0,4,0,738772,0,0.5414390366716659,0
RR,2025,11,2025-11-01,0,3,0,738772,0,0.40607927750374945,0
RR,2025,12,2025-12-01,0,3,0,738772,0,0.40607927750374945,0
RS,2016,1,2016-01-01,161,51,4,11286500,1.4264829663757586,0.4518672750631285,0.03544057059318655
RS,2016,2,2016-02-01,349,131,8,11286500,3.0921897842555266,1.1606786869268595,0.0708811411863731
RS,2016,3,2016-03-01,1016,186,20,11286500,9.001904930669385,1.6479865325831746,0.17720285296593274
RS,2016,4,2016-04-01,1253,210,11,11286500,11.101758738315686,1.860629956142294,0.09746156913126301
RS,2016,5,2016-05-01,241,77,12,11286500,2.1352943782394895,0.6822309839188411,0.10632171177955964
RS,2016,6,2016-06-01,28,17,6,11286500,0.24808399415230584,0.15062242502104284,0.05316085588977982
RS,2016,7,2016-07-01,19,21,6,11286500,0.16834271031763612,0.1860629956142294,0.05316085588977982
RS,2016,8,2016-08-01,12,34,6,11286500,0.10632171177955964,0.3012448500420857,0.05316085588977982
RS,2016,9,2016-09-01,7,17,2,11286500,0.06202099853807646,0.15062242502104284,0.017720285296593277
RS,2016,10,2016-10-01,25,24,5,11286500,0.22150356620741593,0.21264342355911928,0.044300713241483186
RS,2016,11,2016-11-01,21,26,6,11286500,0.1860629956142294,0.23036370885571258,0.05316085588977982
RS,2016,12,2016-12-01,48,45,2,11286500,0.42528684711823855,0.3987064191733487,0.017720285296593277
RS,2017,1,2017-01-01,56,35,2,11322895,0.4945731634886661,0.3091082271804163,0.017663327267452362
RS,2017,2,2017-02-01,20,32,1,11322895,0.1766332726745236,0.2826132362792378,0.008831663633726181
RS,2017,3,2017-03-01,18,12,2,11322895,0.15896994540707127,0.10597996360471415,0.017663327267452362
RS,2017,4,2017-04-01,16,9,10,11322895,0.1413066181396189,0.07948497270353563,0.0883166363372618
RS,2017,5,2017-05-01,13,10,7,11322895,0.11481162723844035,0.0883166363372618,0.06182164543608326
RS,2017,6,2017-06-01,2,6,5,11322895,0.017663327267452362,0.052989981802357075,0.0441583181686309
RS,2017,7,2017-07-01,6,3,1,11322895,0.052989981802357075,0.026494990901178538,0.008831663633726181
RS,2017,8,2017-08-01,4,8,2,11322895,0.035326654534904724,0.07065330906980945,0.017663327267452362
RS,2017,9,2017-09-01,9,8,1,11322895,0.07948497270353563,0.07065330906980945,0.008831663633726181
RS,2017,10,2017-10-01,11,10,0,11322895,0.09714829997098799,0.0883166363372618,0
RS,2017,11,2017-11-01,12,5,0,11322895,0.10597996360471415,0.0441583181686309,0
RS,2017,12,2017-12-01,23,11,0,11322895,0.20312826357570216,0.09714829997098799,0
RS,2018,1,2018-01-01,18,28,4,11329605,0.15887579487546125,0.24714012536182858,0.03530573219454694
RS,2018,2,2018-02-01,24,16,0,11329605,0.21183439316728164,0.14122292877818776,0
RS,2018,3,2018-03-01,20,12,1,11329605,0.1765286609727347,0.10591719658364082,0.008826433048636735
RS,2018,4,2018-04-01,13,10,1,11329605,0.11474362963227756,0.08826433048636735,0.008826433048636735
RS,2018,5,2018-05-01,7,14,14,11329605,0.061785031340457146,0.12357006268091429,0.12357006268091429
RS,2018,6,2018-06-01,9,5,1,11329605,0.07943789743773062,0.044132165243183676,0.008826433048636735
RS,2018,7,2018-07-01,3,6,0,11329605,0.026479299145910205,0.05295859829182041,0
RS,2018,8,2018-08-01,3,15,3,11329605,0.026479299145910205,0.13239649572955103,0.026479299145910205
RS,2018,9,2018-09-01,5,4,0,11329605,0.044132165243183676,0.03530573219454694,0
RS,2018,10,2018-10-01,10,12,0,11329605,0.08826433048636735,0.10591719658364082,0
RS,2018,11,2018-11-01,3,7,0,11329605,0.026479299145910205,0.061785031340457146,0
RS,2018,12,2018-12-01,15,4,1,11329605,0.13239649572955103,0.03530573219454694,0.008826433048636735
RS,2019,1,2019-01-01,35,10,0,11377239,0.3076317549451146,0.08789478712717558,0
RS,2019,2,2019-02-01,23,15,1,11377239,0.20215801039250386,0.13184218069076337,0.008789478712717558
RS,2019,3,2019-03-01,138,14,1,11377239,1.212948062355023,0.12305270197804583,0.008789478712717558
RS,2019,4,2019-04-01,406,24,3,11377239,3.5685283573633284,0.2109474891052214,0.026368436138152675
RS,2019,5,2019-05-01,625,34,5,11377239,5.493424195448474,0.298842276232397,0.04394739356358779
RS,2019,6,2019-06-01,273,19,5,11377239,2.3995276885718937,0.16700009554163361,0.04394739356358779
RS,2019,7,2019-07-01,63,8,2,11377239,0.5537371589012061,0.07031582970174047,0.017578957425435117
RS,2019,8,2019-08-01,29,7,2,11377239,0.2548948826688092,0.06152635098902291,0.017578957425435117
RS,2019,9,2019-09-01,19,4,4,11377239,0.16700009554163361,0.035157914850870234,0.035157914850870234
RS,2019,10,2019-10-01,18,11,0,11377239,0.15821061682891605,0.09668426583989315,0
RS,2019,11,2019-11-01,19,9,1,11377239,0.16700009554163361,0.07910530841445802,0.008789478712717558
RS,2019,12,2019-12-01,22,9,1,11377239,0.1933685316797863,0.07910530841445802,0.008789478712717558
RS,2020,1,2020-01-01,49,17,2,11422973,0.42896013148240836,0.14882290275920287,0.01750857679520034
RS,2020,2,2020-02-01,370,8,1,11422973,3.2390867071120626,0.07003430718080136,0.00875428839760017
RS,2020,3,2020-03-01,841,18,2,11422973,7.362356542381742,0.15757719115680305,0.01750857679520034
RS,2020,4,2020-04-01,1673,13,2,11422973,14.645924489185084,0.1138057491688022,0.01750857679520034
RS,2020,5,2020-05-01,823,96,2,11422973,7.204779351224939,0.8404116861696164,0.01750857679520034
RS,2020,6,2020-06-01,101,65,2,11422973,0.8841831281576171,0.569028745844011,0.01750857679520034
RS,2020,7,2020-07-01,34,32,1,11422973,0.29764580551840575,0.28013722872320546,0.00875428839760017
RS,2020,8,2020-08-01,30,26,2,11422973,0.26262865192800505,0.2276114983376044,0.01750857679520034
RS,2020,9,2020-09-01,19,9,0,11422973,0.16633147955440322,0.07878859557840152,0
RS,2020,10,2020-10-01,27,24,1,11422973,0.23636578673520456,0.2101029215424041,0.00875428839760017
RS,2020,11,2020-11-01,26,17,1,11422973,0.2276114983376044,0.14882290275920287,0.00875428839760017
RS,2020,12,2020-12-01,14,9,0,11422973,0.12256003756640238,0.07878859557840152,0
RS,2021,1,2021-01-01,105,9,0,11466630,0.9157006025309965,0.07848862307408541,0
RS,2021,2,2021-02-01,439,13,2,11466630,3.8285006143915,0.11337245555145671,0.017441916238685646
RS,2021,3,2021-03-01,1497,27,78,11466630,13.055274304656205,0.23546586922225624,0.6802347333087403
RS,2021,4,2021-04-01,4514,57,109,11466630,39.3664049507135,0.4970946128025409,0.9505844350083678
RS,2021,5,2021-05-01,3960,62,55,11466630,34.53499415259758,0.540699403399255,0.4796526965638553
RS,2021,6,2021-06-01,195,27,15,11466630,1.7005868332718503,0.23546586922225624,0.13081437179014235
RS,2021,7,2021-07-01,60,17,9,11466630,0.5232574871605694,0.148256288028828,0.07848862307408541
RS,2021,8,2021-08-01,16,13,3,11466630,0.13953532990948517,0.11337245555145671,0.026162874358028467
RS,2021,9,2021-09-01,17,15,2,11466630,0.148256288028828,0.13081437179014235,0.017441916238685646
RS,2021,10,2021-10-01,20,12,2,11466630,0.17441916238685648,0.10465149743211387,0.017441916238685646
RS,2021,11,2021-11-01,17,4,2,11466630,0.148256288028828,0.03488383247737129,0.017441916238685646
RS,2021,12,2021-12-01,32,5,1,11466630,0.27907065981897033,0.04360479059671412,0.008720958119342823
RS,2022,1,2022-01-01,165,9,3,11466630,1.438958089691566,0.07848862307408541,0.026162874358028467
RS,2022,2,2022-02-01,922,10,4,11466630,8.040723386034083,0.08720958119342824,0.03488383247737129
RS,2022,3,2022-03-01,14507,45,19,11466630,126.51493943730634,0.39244311537042703,0.16569820426751367
RS,2022,4,2022-04-01,34012,164,31,11466630,296.6172275550881,1.430237131572223,0.2703497016996275
RS,2022,5,2022-05-01,14205,126,17,11466630,123.8812100852648,1.0988407230371957,0.148256288028828
RS,2022,6,2022-06-01,2318,27,7,11466630,20.215180920636666,0.23546586922225624,0.06104670683539976
RS,2022,7,2022-07-01,686,23,4,11466630,5.982577269869177,0.20058203674488492,0.03488383247737129
RS,2022,8,2022-08-01,168,47,5,11466630,1.4651209640495944,0.40988503160911266,0.04360479059671412
RS,2022,9,2022-09-01,80,13,3,11466630,0.6976766495474259,0.11337245555145671,0.026162874358028467
RS,2022,10,2022-10-01,74,8,1,11466630,0.6453509008313689,0.06976766495474258,0.008720958119342823
RS,2022,11,2022-11-01,56,17,0,11466630,0.4883736546831981,0.148256288028828,0
RS,2022,12,2022-12-01,97,15,4,11466630,0.8459329375762538,0.13081437179014235,0.03488383247737129
RS,2023,1,2023-01-01,71,9,3,11466630,0.6191880264733405,0.07848862307408541,0.026162874358028467
RS,2023,2,2023-02-01,423,14,2,11466630,3.688965284482014,0.12209341367079952,0.017441916238685646
RS,2023,3,2023-03-01,3014,45,10,11466630,26.28496777169927,0.39244311537042703,0.08720958119342824
RS,2023,4,2023-04-01,14802,77,24,11466630,129.08762208251247,0.6715137751893975,0.20930299486422774
RS,2023,5,2023-05-01,12175,51,25,11466630,106.17766510299887,0.44476886408648403,0.2180239529835706
RS,2023,6,2023-06-01,4962,13,13,11466630,43.27339418817909,0.11337245555145671,0.11337245555145671
RS,2023,7,2023-07-01,1334,18,6,11466630,11.633758131203328,0.15697724614817082,0.052325748716056934
RS,2023,8,2023-08-01,335,5,5,11466630,2.921520969979846,0.04360479059671412,0.04360479059671412
RS,2023,9,2023-09-01,151,1,0,11466630,1.3168646760207663,0.008720958119342823,0
RS,2023,10,2023-10-01,257,6,3,11466630,2.2412862366711055,0.052325748716056934,0.026162874358028467
RS,2023,11,2023-11-01,414,6,4,11466630,3.610476661407929,0.052325748716056934,0.03488383247737129
RS,2023,12,2023-12-01,755,10,3,11466630,6.5843233801038314,0.08720958119342824,0.026162874358028467
RS,2024,1,2024-01-01,2557,30,22,11229915,22.769540107828064,0.2671436070531255,0.19590531183895873
RS,2024,2,2024-02-01,13669,14,7,11229915,121.71953216030575,0.12466701662479189,0.062333508312395945
RS,2024,3,2024-03-01,57152,19,7,11229915,508.9263810100077,0.16919095113364616,0.062333508312395945
RS,2024,4,2024-04-01,79671,16,14,11229915,709.4532772509855,0.1424765904283336,0.12466701662479189
RS,2024,5,2024-05-01,50620,5,12,11229915,450.76031296764046,0.04452393450885425,0.10685744282125022
RS,2024,6,2024-06-01,13741,14,7,11229915,122.36067681723326,0.12466701662479189,0.062333508312395945
RS,2024,7,2024-07-01,2187,14,2,11229915,19.474768954172852,0.12466701662479189,0.0178095738035417
RS,2024,8,2024-08-01,998,4,2,11229915,8.886977327967308,0.0356191476070834,0.0178095738035417
RS,2024,9,2024-09-01,781,3,4,11229915,6.954638570283034,0.026714360705312554,0.0356191476070834
RS,2024,10,2024-10-01,675,3,5,11229915,6.010731158695324,0.026714360705312554,0.04452393450885425
RS,2024,11,2024-11-01,731,4,0,11229915,6.509399225194491,0.0356191476070834,0
RS,2024,12,2024-12-01,427,1,4,11229915,3.802344007056153,0.00890478690177085,0.0356191476070834
RS,2025,1,2025-01-01,626,5,3,11233263,5.572735188341981,0.04451066444362604,0.026706398666175624
RS,2025,2,2025-02-01,1407,1,0,11233263,12.525300974436368,0.008902132888725208,0
RS,2025,3,2025-03-01,11195,5,0,11233263,99.65937768927871,0.04451066444362604,0
RS,2025,4,2025-04-01,31493,4,0,11233263,280.35487106462296,0.03560853155490083,0
RS,2025,5,2025-05-01,14200,2,0,11233263,126.41028701989795,0.017804265777450416,0
RS,2025,6,2025-06-01,0,1,0,11233263,0,0.008902132888725208,0
RS,2025,7,2025-07-01,0,1,0,11233263,0,0.008902132888725208,0
RS,2025,8,2025-08-01,0,1,0,11233263,0,0.008902132888725208,0
RS,2025,9,2025-09-01,0,0,0,11233263,0,0,0
RS,2025,10,2025-10-01,0,7,0,11233263,0,0.06231493022107646,0
RS,2025,11,2025-11-01,0,0,0,11233263,0,0,0
RS,2025,12,2025-12-01,0,1,0,11233263,0,0.008902132888725208,0
SC,2016,1,2016-01-01,343,21,9,6910553,4.9634233324019075,0.3038830611674637,0.13023559764319875
SC,2016,2,2016-02-01,1141,68,3,6910553,16.510979656765528,0.9840022933041683,0.04341186588106625
SC,2016,3,2016-03-01,1779,81,2,6910553,25.743236467472286,1.1721203787887886,0.02894124392071083
SC,2016,4,2016-04-01,1452,45,3,6910553,21.011343086436064,0.6511779882159937,0.04341186588106625
SC,2016,5,2016-05-01,204,21,3,6910553,2.952006879912505,0.3038830611674637,0.04341186588106625
SC,2016,6,2016-06-01,19,6,0,6910553,0.2749418172467529,0.0868237317621325,0
SC,2016,7,2016-07-01,29,10,0,6910553,0.4196480368503071,0.14470621960355418,0
SC,2016,8,2016-08-01,17,6,0,6910553,0.24600057332604208,0.0868237317621325,0
SC,2016,9,2016-09-01,14,6,0,6910553,0.2025887074449758,0.0868237317621325,0
SC,2016,10,2016-10-01,25,9,0,6910553,0.3617655490088854,0.13023559764319875,0
SC,2016,11,2016-11-01,25,15,0,6910553,0.3617655490088854,0.21705932940533124,0
SC,2016,12,2016-12-01,40,16,1,6910553,0.5788248784142167,0.23152995136568663,0.014470621960355414
SC,2017,1,2017-01-01,38,26,10,7001161,0.5427671210532081,0.37136697756272136,0.142833452908739
SC,2017,2,2017-02-01,14,6,2,7001161,0.1999668340722346,0.0857000717452434,0.028566690581747798
SC,2017,3,2017-03-01,27,8,5,7001161,0.3856503228535953,0.11426676232699119,0.0714167264543695
SC,2017,4,2017-04-01,21,9,9,7001161,0.2999502511083519,0.1285501076178651,0.1285501076178651
SC,2017,5,2017-05-01,14,7,15,7001161,0.1999668340722346,0.0999834170361173,0.21425017936310847
SC,2017,6,2017-06-01,13,7,9,7001161,0.18568348878136068,0.0999834170361173,0.1285501076178651
SC,2017,7,2017-07-01,7,3,6,7001161,0.0999834170361173,0.0428500358726217,0.0857000717452434
SC,2017,8,2017-08-01,2,1,7,7001161,0.028566690581747798,0.014283345290873899,0.0999834170361173
SC,2017,9,2017-09-01,10,7,1,7001161,0.142833452908739,0.0999834170361173,0.014283345290873899
SC,2017,10,2017-10-01,12,7,5,7001161,0.1714001434904868,0.0999834170361173,0.0714167264543695
SC,2017,11,2017-11-01,16,5,6,7001161,0.22853352465398238,0.0714167264543695,0.0857000717452434
SC,2017,12,2017-12-01,12,16,4,7001161,0.1714001434904868,0.22853352465398238,0.057133381163495596
SC,2018,1,2018-01-01,15,17,8,7075494,0.21199933177810626,0.24026590934852038,0.11306631028165667
SC,2018,2,2018-02-01,21,16,15,7075494,0.29679906448934873,0.22613262056331335,0.21199933177810626
SC,2018,3,2018-03-01,22,4,9,7075494,0.3109323532745558,0.05653315514082834,0.12719959906686373
SC,2018,4,2018-04-01,31,6,4,7075494,0.43813195234141955,0.08479973271124248,0.05653315514082834
SC,2018,5,2018-05-01,28,6,5,7075494,0.3957320859857983,0.08479973271124248,0.07066644392603541
SC,2018,6,2018-06-01,13,4,6,7075494,0.18373275420769206,0.05653315514082834,0.08479973271124248
SC,2018,7,2018-07-01,4,6,11,7075494,0.05653315514082834,0.08479973271124248,0.1554661766372779
SC,2018,8,2018-08-01,3,2,8,7075494,0.04239986635562124,0.02826657757041417,0.11306631028165667
SC,2018,9,2018-09-01,10,5,5,7075494,0.14133288785207082,0.07066644392603541,0.07066644392603541
SC,2018,10,2018-10-01,8,4,0,7075494,0.11306631028165667,0.05653315514082834,0
SC,2018,11,2018-11-01,14,9,2,7075494,0.19786604299289914,0.12719959906686373,0.02826657757041417
SC,2018,12,2018-12-01,16,9,1,7075494,0.22613262056331335,0.12719959906686373,0.014133288785207084
SC,2019,1,2019-01-01,17,11,4,7164788,0.23727150056638102,0.15352861801354067,0.055828588368560236
SC,2019,2,2019-02-01,34,18,6,7164788,0.47454300113276204,0.2512286476585211,0.08374288255284036
SC,2019,3,2019-03-01,287,28,6,7164788,4.005701215444198,0.3908001185799217,0.08374288255284036
SC,2019,4,2019-04-01,555,28,7,7164788,7.746216636137733,0.3908001185799217,0.09770002964498042
SC,2019,5,2019-05-01,606,31,26,7164788,8.458031137836876,0.43267155985634187,0.3628858243956416
SC,2019,6,2019-06-01,405,19,22,7164788,5.652644572316724,0.2651857947506612,0.30705723602708135
SC,2019,7,2019-07-01,89,14,9,7164788,1.2421860912004654,0.19540005928996085,0.12561432382926055
SC,2019,8,2019-08-01,34,10,11,7164788,0.47454300113276204,0.1395714709214006,0.15352861801354067
SC,2019,9,2019-09-01,9,9,2,7164788,0.12561432382926055,0.12561432382926055,0.027914294184280118
SC,2019,10,2019-10-01,15,7,6,7164788,0.20935720638210092,0.09770002964498042,0.08374288255284036
SC,2019,11,2019-11-01,22,15,2,7164788,0.30705723602708135,0.20935720638210092,0.027914294184280118
SC,2019,12,2019-12-01,28,8,1,7164788,0.3908001185799217,0.11165717673712047,0.013957147092140059
SC,2020,1,2020-01-01,92,19,3,7252502,1.2685277439427112,0.26197855581425555,0.041365035128566666
SC,2020,2,2020-02-01,366,24,6,7252502,5.046534285685134,0.3309202810285333,0.08273007025713333
SC,2020,3,2020-03-01,1406,24,3,7252502,19.38641313025491,0.3309202810285333,0.041365035128566666
SC,2020,4,2020-04-01,3549,64,5,7252502,48.934836557094364,0.8824540827427556,0.06894172521427779
SC,2020,5,2020-05-01,4462,29,2,7252502,61.523595581221485,0.3998620062428111,0.027576690085711113
SC,2020,6,2020-06-01,1370,24,4,7252502,18.89003270871211,0.3309202810285333,0.055153380171422225
SC,2020,7,2020-07-01,328,7,1,7252502,4.5225771740566225,0.09651841529998889,0.013788345042855556
SC,2020,8,2020-08-01,67,5,4,7252502,0.9238191178713223,0.06894172521427779,0.055153380171422225
SC,2020,9,2020-09-01,34,9,2,7252502,0.46880373145708887,0.12409510538570001,0.027576690085711113
SC,2020,10,2020-10-01,50,10,1,7252502,0.6894172521427777,0.13788345042855557,0.013788345042855556
SC,2020,11,2020-11-01,46,3,2,7252502,0.6342638719713556,0.041365035128566666,0.027576690085711113
SC,2020,12,2020-12-01,64,4,1,7252502,0.8824540827427556,0.055153380171422225,0.013788345042855556
SC,2021,1,2021-01-01,88,7,2,7338473,1.1991595526753318,0.09538769169008321,0.02725362619716663
SC,2021,2,2021-02-01,256,9,22,7338473,3.4884641532373286,0.12264131788724983,0.29978988816883295
SC,2021,3,2021-03-01,1431,11,6,7338473,19.499969544072727,0.14989494408441648,0.0817608785914999
SC,2021,4,2021-04-01,5861,32,13,7338473,79.86675157079682,0.4360580191546661,0.17714857028158312
SC,2021,5,2021-05-01,9023,29,23,7338473,122.95473458851725,0.3951775798589162,0.3134167012674163
SC,2021,6,2021-06-01,2197,14,20,7338473,29.938108377587543,0.19077538338016642,0.2725362619716663
SC,2021,7,2021-07-01,363,10,5,7338473,4.946533154785744,0.13626813098583315,0.06813406549291658
SC,2021,8,2021-08-01,105,10,11,7338473,1.430815375351248,0.13626813098583315,0.14989494408441648
SC,2021,9,2021-09-01,47,10,3,7338473,0.6404602156334158,0.13626813098583315,0.04088043929574995
SC,2021,10,2021-10-01,30,11,3,7338473,0.4088043929574995,0.14989494408441648,0.04088043929574995
SC,2021,11,2021-11-01,49,11,2,7338473,0.6677138418305825,0.14989494408441648,0.02725362619716663
SC,2021,12,2021-12-01,46,10,1,7338473,0.6268334025348326,0.13626813098583315,0.013626813098583315
SC,2022,1,2022-01-01,69,24,2,7338473,0.9402501038022487,0.3270435143659996,0.02725362619716663
SC,2022,2,2022-02-01,949,117,13,7338473,12.931845630555566,1.594337132534248,0.17714857028158312
SC,2022,3,2022-03-01,13227,133,16,7338473,180.24185685496153,1.812366142111581,0.21802900957733304
SC,2022,4,2022-04-01,37460,115,11,7338473,510.46041867293104,1.5670835063370812,0.14989494408441648
SC,2022,5,2022-05-01,24270,61,18,7338473,330.72275390261706,0.8312355990135821,0.24528263577449966
SC,2022,6,2022-06-01,5963,34,8,7338473,81.25668650685232,0.4633116453518327,0.10901450478866652
SC,2022,7,2022-07-01,1991,12,3,7338473,27.13098487927938,0.1635217571829998,0.04088043929574995
SC,2022,8,2022-08-01,454,10,11,7338473,6.1865731467568255,0.13626813098583315,0.14989494408441648
SC,2022,9,2022-09-01,270,12,2,7338473,3.6792395366174957,0.1635217571829998,0.02725362619716663
SC,2022,10,2022-10-01,225,5,3,7338473,3.0660329471812457,0.06813406549291658,0.04088043929574995
SC,2022,11,2022-11-01,84,10,4,7338473,1.1446523002809985,0.13626813098583315,0.05450725239433326
SC,2022,12,2022-12-01,203,17,1,7338473,2.766243059012413,0.23165582267591636,0.013626813098583315
SC,2023,1,2023-01-01,282,17,11,7338473,3.842761293800495,0.23165582267591636,0.14989494408441648
SC,2023,2,2023-02-01,1909,26,12,7338473,26.013586205195548,0.35429714056316625,0.1635217571829998
SC,2023,3,2023-03-01,13371,45,17,7338473,182.2041179411575,0.6132065894362492,0.23165582267591636
SC,2023,4,2023-04-01,57585,59,28,7338473,784.7000322819201,0.8039819728164156,0.38155076676033284
SC,2023,5,2023-05-01,40017,37,20,7338473,545.3041797660085,0.5041920846475827,0.2725362619716663
SC,2023,6,2023-06-01,16912,10,13,7338473,230.45666312324101,0.13626813098583315,0.17714857028158312
SC,2023,7,2023-07-01,6298,5,7,7338473,85.82166889487772,0.06813406549291658,0.09538769169008321
SC,2023,8,2023-08-01,1427,4,11,7338473,19.44546229167839,0.05450725239433326,0.14989494408441648
SC,2023,9,2023-09-01,863,7,3,7338473,11.7599397040774,0.09538769169008321,0.04088043929574995
SC,2023,10,2023-10-01,518,10,9,7338473,7.058689185066158,0.13626813098583315,0.12264131788724983
SC,2023,11,2023-11-01,546,5,4,7338473,7.440239951826491,0.06813406549291658,0.05450725239433326
SC,2023,12,2023-12-01,1679,8,3,7338473,22.879419192521386,0.10901450478866652,0.04088043929574995
SC,2024,1,2024-01-01,3527,20,9,8058441,43.767770962150124,0.24818696321037778,0.11168413344467
SC,2024,2,2024-02-01,20637,44,18,8058441,256.0917179886283,0.5460113190628312,0.22336826688934
SC,2024,3,2024-03-01,92372,37,18,8058441,1146.2763082834508,0.45914588193919886,0.22336826688934
SC,2024,4,2024-04-01,113389,28,21,8058441,1407.0835785730765,0.34746174849452893,0.26059631137089667
SC,2024,5,2024-05-01,77963,17,26,8058441,967.4700106385341,0.21095891872882114,0.32264305217349115
SC,2024,6,2024-06-01,21808,11,12,8058441,270.623064684596,0.1365028297657078,0.14891217792622669
SC,2024,7,2024-07-01,3137,12,7,8058441,38.928125179547756,0.14891217792622669,0.08686543712363223
SC,2024,8,2024-08-01,1462,6,4,8058441,18.142467010678615,0.07445608896311334,0.049637392642075555
SC,2024,9,2024-09-01,334,8,4,8058441,4.144722285613309,0.09927478528415111,0.049637392642075555
SC,2024,10,2024-10-01,439,8,2,8058441,5.447703842467792,0.09927478528415111,0.024818696321037777
SC,2024,11,2024-11-01,702,2,2,8058441,8.711362408684261,0.024818696321037777,0.024818696321037777
SC,2024,12,2024-12-01,1063,7,5,8058441,13.191137094631578,0.08686543712363223,0.062046740802594445
SC,2025,1,2025-01-01,1332,12,4,8187029,16.26963822895949,0.14657331737801343,0.04885777245933782
SC,2025,2,2025-02-01,1639,7,0,8187029,20.01947226521367,0.08550110180384117,0
SC,2025,3,2025-03-01,5083,21,0,8187029,62.08601435270353,0.25650330541152355,0
SC,2025,4,2025-04-01,8964,42,0,8187029,109.49026808137604,0.5130066108230471,0
SC,2025,5,2025-05-01,5564,30,0,8187029,67.9611614909389,0.3664332934450336,0
SC,2025,6,2025-06-01,0,18,0,8187029,0,0.21985997606702018,0
SC,2025,7,2025-07-01,0,14,0,8187029,0,0.17100220360768234,0
SC,2025,8,2025-08-01,0,11,0,8187029,0,0.13435887426317897,0
SC,2025,9,2025-09-01,0,10,0,8187029,0,0.12214443114834453,0
SC,2025,10,2025-10-01,0,10,0,8187029,0,0.12214443114834453,0
SC,2025,11,2025-11-01,0,9,0,8187029,0,0.10992998803351009,0
SC,2025,12,2025-12-01,0,10,0,8187029,0,0.12214443114834453,0
SE,2016,1,2016-01-01,498,84,71,2265779,21.97919567618907,3.70733421044153,3.1335801064446267
SE,2016,2,2016-02-01,1072,211,148,2265779,47.312646114206196,9.31247045718051,6.531969799349363
SE,2016,3,2016-03-01,531,244,85,2265779,23.43564840171967,10.768923182711111,3.7514691415182155
SE,2016,4,2016-04-01,491,113,130,2265779,21.670251158652277,4.987247211665392,5.737541039969035
SE,2016,5,2016-05-01,154,46,96,2265779,6.796779385809472,2.0302068295275046,4.236953383361749
SE,2016,6,2016-06-01,96,40,41,2265779,4.236953383361749,1.7653972430673954,1.8095321741440804
SE,2016,7,2016-07-01,154,28,64,2265779,6.796779385809472,1.2357780701471768,2.8246355889078325
SE,2016,8,2016-08-01,154,49,123,2265779,6.796779385809472,2.1626116227575594,5.42859652243224
SE,2016,9,2016-09-01,96,28,140,2265779,4.236953383361749,1.2357780701471768,6.178890350735884
SE,2016,10,2016-10-01,103,8,45,2265779,4.5458979008985425,0.35307944861347906,1.9860718984508197
SE,2016,11,2016-11-01,67,8,54,2265779,2.9570403821378872,0.35307944861347906,2.383286278140984
SE,2016,12,2016-12-01,102,3,16,2265779,4.501762969821859,0.13240479323005466,0.7061588972269581
SE,2017,1,2017-01-01,82,6,18,2288116,3.583734391088564,0.2622244676406266,0.7866734029218798
SE,2017,2,2017-02-01,35,11,12,2288116,1.529642727903655,0.48074485734114875,0.5244489352812532
SE,2017,3,2017-03-01,41,5,12,2288116,1.791867195544282,0.21852038970052218,0.5244489352812532
SE,2017,4,2017-04-01,113,8,17,2288116,4.938560807231801,0.34963262352083546,0.7429693249817754
SE,2017,5,2017-05-01,73,3,18,2288116,3.190397689627624,0.1311122338203133,0.7866734029218798
SE,2017,6,2017-06-01,49,4,6,2288116,2.1414998190651175,0.17481631176041773,0.2622244676406266
SE,2017,7,2017-07-01,30,1,8,2288116,1.3111223382031332,0.04370407794010443,0.34963262352083546
SE,2017,8,2017-08-01,29,6,6,2288116,1.2674182602630286,0.2622244676406266,0.2622244676406266
SE,2017,9,2017-09-01,59,5,8,2288116,2.578540598466162,0.21852038970052218,0.34963262352083546
SE,2017,10,2017-10-01,37,6,4,2288116,1.617050883783864,0.2622244676406266,0.17481631176041773
SE,2017,11,2017-11-01,32,4,5,2288116,1.3985304940833418,0.17481631176041773,0.21852038970052218
SE,2017,12,2017-12-01,19,1,3,2288116,0.8303774808619843,0.04370407794010443,0.1311122338203133
SE,2018,1,2018-01-01,10,4,1,2278308,0.4389222177159541,0.17556888708638166,0.043892221771595415
SE,2018,2,2018-02-01,10,0,1,2278308,0.4389222177159541,0,0.043892221771595415
SE,2018,3,2018-03-01,23,6,0,2278308,1.0095211007466944,0.2633533306295725,0
SE,2018,4,2018-04-01,20,1,2,2278308,0.8778444354319082,0.043892221771595415,0.08778444354319083
SE,2018,5,2018-05-01,41,5,3,2278308,1.7995810926354119,0.21946110885797704,0.13167666531478625
SE,2018,6,2018-06-01,21,1,5,2278308,0.9217366572035037,0.043892221771595415,0.21946110885797704
SE,2018,7,2018-07-01,26,0,4,2278308,1.1411977660614807,0,0.17556888708638166
SE,2018,8,2018-08-01,18,4,7,2278308,0.79005999188871745,0.17556888708638166,0.30724555240116785
SE,2018,9,2018-09-01,16,2,2,2278308,0.7022755483455266,0.08778444354319083,0.08778444354319083
SE,2018,10,2018-10-01,18,2,3,2278308,0.79005999188871745,0.08778444354319083,0.13167666531478625
SE,2018,11,2018-11-01,23,1,0,2278308,1.0095211007466944,0.043892221771595415,0
SE,2018,12,2018-12-01,11,3,1,2278308,0.48281443948754954,0.13167666531478625,0.043892221771595415
SE,2019,1,2019-01-01,16,6,2,2298696,0.6960468021869791,0.26101755082011713,0.08700585027337239
SE,2019,2,2019-02-01,18,3,3,2298696,0.7830526524603515,0.13050877541005856,0.13050877541005856
SE,2019,3,2019-03-01,64,14,0,2298696,2.7841872087479165,0.6090409519136067,0
SE,2019,4,2019-04-01,116,17,7,2298696,5.046339315855598,0.7395497273236652,0.30452047595680337
SE,2019,5,2019-05-01,498,45,7,2298696,21.664456718069722,1.9576316311508786,0.30452047595680337
SE,2019,6,2019-06-01,1098,58,7,2298696,47.766211800081436,2.523169657927799,0.30452047595680337
SE,2019,7,2019-07-01,1474,112,90,2298696,64.12331165147545,4.872327615308854,3.915263262301757
SE,2019,8,2019-08-01,1445,96,114,2298696,62.86172682251154,4.176280813121874,4.959333465582226
SE,2019,9,2019-09-01,606,36,78,2298696,26.36277263283183,1.566105304920703,3.393228160661523
SE,2019,10,2019-10-01,356,20,49,2298696,15.487041348660282,0.8700585027337238,2.1316433316976235
SE,2019,11,2019-11-01,231,21,40,2298696,10.04917570657451,0.9135614278704101,1.7401170054674475
SE,2019,12,2019-12-01,64,4,17,2298696,2.7841872087479165,0.17401170054674478,0.7395497273236652
SE,2020,1,2020-01-01,49,7,13,2318822,2.113141931549727,0.30187741879281804,0.560629492043805
SE,2020,2,2020-02-01,46,1,8,2318822,1.983765894924233,0.04312534554183115,0.3450027643346492
SE,2020,3,2020-03-01,51,24,24,2318822,2.199392622633389,1.0350082930039477,1.0350082930039477
SE,2020,4,2020-04-01,49,17,22,2318822,2.113141931549727,0.7331308742111297,0.9487576019202854
SE,2020,5,2020-05-01,195,16,86,2318822,8.409442380657076,0.6900055286692984,3.708779716597479
SE,2020,6,2020-06-01,367,45,329,2318822,15.827001813852032,1.9406405493824017,14.18823868326245
SE,2020,7,2020-07-01,406,74,715,2318822,17.508890289983448,3.1912755700955056,30.834622062409277
SE,2020,8,2020-08-01,349,131,734,2318822,15.050745594099071,5.649420265979881,31.654003627704064
SE,2020,9,2020-09-01,151,67,509,2318822,6.511927176816505,2.889398151302687,21.95080088079206
SE,2020,10,2020-10-01,118,83,311,2318822,5.088790773936076,3.5794036799719855,13.411982463509489
SE,2020,11,2020-11-01,42,46,172,2318822,1.8112645127569085,1.983765894924233,7.417559433194958
SE,2020,12,2020-12-01,33,17,92,2318822,1.423136402880428,0.7331308742111297,3.967531789848466
SE,2021,1,2021-01-01,23,9,61,2338474,0.9835473903066702,0.38486637012000136,2.608538730813342
SE,2021,2,2021-02-01,17,23,94,2338474,0.7269698102266692,0.9835473903066702,4.0197154212533475
SE,2021,3,2021-03-01,17,17,111,2338474,0.7269698102266692,0.7269698102266692,4.746685231480017
SE,2021,4,2021-04-01,32,23,81,2338474,1.3684137604266715,0.9835473903066702,3.4637973310800123
SE,2021,5,2021-05-01,42,37,171,2338474,1.7960430605600064,1.5822284104933388,7.312461032280026
SE,2021,6,2021-06-01,73,54,310,2338474,3.1216938909733445,2.309198220720008,13.256508304133378
SE,2021,7,2021-07-01,182,144,417,2338474,7.782853262426693,6.157861921920022,17.83214181556006
SE,2021,8,2021-08-01,117,218,544,2338474,5.003262811560017,9.322318742906699,23.263033927253414
SE,2021,9,2021-09-01,102,213,483,2338474,4.361818861360015,9.108504092840032,20.654495196440074
SE,2021,10,2021-10-01,68,189,361,2338474,2.9078792409066767,8.082193772520029,15.437417734813385
SE,2021,11,2021-11-01,42,107,202,2338474,1.7960430605600064,4.575633511426683,8.638111862693362
SE,2021,12,2021-12-01,49,108,172,2338474,2.0953835706533406,4.618396441440016,7.355223962293358
SE,2022,1,2022-01-01,14,163,157,2338474,0.5986810201866688,6.9703575921733565,6.713780012093357
SE,2022,2,2022-02-01,46,141,278,2338474,1.9670947806133403,6.029573131880021,11.888094543706709
SE,2022,3,2022-03-01,91,134,301,2338474,3.8914266312133465,5.730232621786687,12.871641934013379
SE,2022,4,2022-04-01,380,96,301,2338474,16.24991340506672,4.105241281280015,12.871641934013379
SE,2022,5,2022-05-01,720,244,574,2338474,30.789309609600107,10.434154923253368,24.545921827653416
SE,2022,6,2022-06-01,1040,164,500,2338474,44.47344721386682,7.013120522186691,21.38146500666674
SE,2022,7,2022-07-01,1228,162,521,2338474,52.51287805637352,6.927594662160025,22.279486536946745
SE,2022,8,2022-08-01,719,91,480,2338474,30.746546679586775,3.8914266312133465,20.52620640640007
SE,2022,9,2022-09-01,367,74,323,2338474,15.693995314893387,3.1644568209866777,13.812426394306716
SE,2022,10,2022-10-01,289,53,174,2338474,12.358486773853377,2.2664352907066743,7.440749822320026
SE,2022,11,2022-11-01,140,39,139,2338474,5.986810201866687,1.6677542705200057,5.944047271853354
SE,2022,12,2022-12-01,169,41,94,2338474,7.226935172253358,1.7532801305466728,4.0197154212533475
SE,2023,1,2023-01-01,171,35,120,2338474,7.312461032280026,1.4967025504666718,5.131551601600018
SE,2023,2,2023-02-01,220,36,103,2338474,9.407844602933366,1.5394654804800054,4.4045817913733485
SE,2023,3,2023-03-01,250,98,94,2338474,10.69073250333337,4.190767141306681,4.0197154212533475
SE,2023,4,2023-04-01,339,73,114,2338474,14.496633274520052,3.1216938909733445,4.874974021520017
SE,2023,5,2023-05-01,284,89,187,2338474,12.144672123786709,3.80590077118668,7.996667912493361
SE,2023,6,2023-06-01,415,89,135,2338474,17.746615955533393,3.80590077118668,5.77299555180002
SE,2023,7,2023-07-01,446,121,262,2338474,19.07226678594673,5.174314531613351,11.203887663493372
SE,2023,8,2023-08-01,270,87,254,2338474,11.54599110360004,3.720374911160013,10.861784223386705
SE,2023,9,2023-09-01,204,44,95,2338474,8.72363772272003,1.8815689205866732,4.06247835126668
SE,2023,10,2023-10-01,126,41,74,2338474,5.388129181680019,1.7532801305466728,3.1644568209866777
SE,2023,11,2023-11-01,93,30,85,2338474,3.976952491240014,1.2828879004000044,3.634849051133346
SE,2023,12,2023-12-01,62,27,44,2338474,2.6513016608266757,1.154599110360004,1.8815689205866732
SE,2024,1,2024-01-01,66,21,34,2291077,2.8807412409098427,0.9165994857440409,1.4840182150141614
SE,2024,2,2024-02-01,187,118,48,2291077,8.162100182577888,5.150416157990326,2.095084538843522
SE,2024,3,2024-03-01,402,260,136,2291077,17.546333012814497,11.34837458540241,5.936072860056646
SE,2024,4,2024-04-01,303,213,78,2291077,13.225221151449734,9.296937641118129,3.404512375620723
SE,2024,5,2024-05-01,187,102,69,2291077,8.162100182577888,4.452054645042484,3.011684024587563
SE,2024,6,2024-06-01,272,70,57,2291077,11.872145720113291,3.055331619146803,2.4879128898766822
SE,2024,7,2024-07-01,169,59,47,2291077,7.376443480511567,2.575208078995163,2.051436944284282
SE,2024,8,2024-08-01,142,30,32,2291077,6.197958427412086,1.3094278367772012,1.3967230258956815
SE,2024,9,2024-09-01,67,18,13,2291077,2.924388835469083,0.7856567020663208,0.5674187292701206
SE,2024,10,2024-10-01,63,18,17,2291077,2.7497984572321226,0.7856567020663208,0.7420091075070807
SE,2024,11,2024-11-01,40,1,7,2291077,1.7459037823696018,0.04364759455924005,0.3055331619146803
SE,2024,12,2024-12-01,18,0,5,2291077,0.7856567020663208,0,0.21823797279620022
SE,2025,1,2025-01-01,29,3,10,2299425,1.2611848614327497,0.13046739945856028,0.4348913315285344
SE,2025,2,2025-02-01,43,8,0,2299425,1.8700327255726976,0.34791306522282744,0
SE,2025,3,2025-03-01,170,22,0,2299425,7.393152635985083,0.9567609293627755,0
SE,2025,4,2025-04-01,282,13,0,2299425,12.263935549104666,0.5653587309870947,0
SE,2025,5,2025-05-01,95,12,0,2299425,4.131467649521076,0.5218695978342411,0
SE,2025,6,2025-06-01,0,47,0,2299425,0,2.0439892581841113,0
SE,2025,7,2025-07-01,0,29,0,2299425,0,1.2611848614327497,0
SE,2025,8,2025-08-01,0,16,0,2299425,0,0.6958261304456549,0
SE,2025,9,2025-09-01,0,9,0,2299425,0,0.39140219837568085,0
SE,2025,10,2025-10-01,0,8,0,2299425,0,0.34791306522282744,0
SE,2025,11,2025-11-01,0,10,0,2299425,0,0.4348913315285344,0
SE,2025,12,2025-12-01,0,7,0,2299425,0,0.30442393206997403,0
SP,2016,1,2016-01-01,34101,516,152,44749699,76.20386452208315,1.153080381613293,0.3396670891574042
SP,2016,2,2016-02-01,51398,1990,285,44749699,114.85663847705433,4.446957285679173,0.6368757921701328
SP,2016,3,2016-03-01,50219,2858,225,44749699,112.22198388418211,6.386635136920138,0.5027966780290523
SP,2016,4,2016-04-01,46833,2465,93,44749699,104.65545254282046,5.508416939296061,0.20782262691867492
SP,2016,5,2016-05-01,11910,1145,72,44749699,26.6147041570045,2.558676428192288,0.16089493696929671
SP,2016,6,2016-06-01,2650,324,54,44749699,5.9218275412310595,0.7240272163618352,0.12067120272697253
SP,2016,7,2016-07-01,1328,173,45,44749699,2.967617726322584,0.38659477910678236,0.10055933560581043
SP,2016,8,2016-08-01,544,163,26,44749699,1.2156506348791307,0.36424826008326894,0.05810094946113493
SP,2016,9,2016-09-01,488,169,18,44749699,1.0905101283474554,0.377656171497377,0.04022373424232418
SP,2016,10,2016-10-01,911,150,16,44749699,2.0357678830420736,0.3351977853527015,0.03575443043762149
SP,2016,11,2016-11-01,1039,203,9,44749699,2.3218033265430456,0.4536343361773227,0.02011186712116209
SP,2016,12,2016-12-01,1155,221,27,44749699,2.5810229472158013,0.49385807041964686,0.060335601363486265
SP,2017,1,2017-01-01,956,240,43,45094866,2.1199752539457597,0.5322113608232032,0.09535453548082391
SP,2017,2,2017-02-01,1096,201,50,45094866,2.430431881092628,0.44572701468943277,0.11087736683816733
SP,2017,3,2017-03-01,1019,228,57,45094866,2.2596807361618505,0.5056007927820431,0.12640019819551077
SP,2017,4,2017-04-01,1126,139,72,45094866,2.4969583011955288,0.30823907981010523,0.15966340824696099
SP,2017,5,2017-05-01,595,138,86,45094866,1.3194406653741915,0.30602153247334185,0.19070907096164783
SP,2017,6,2017-06-01,420,75,57,45094866,0.9313698814406056,0.16631605025725102,0.12640019819551077
SP,2017,7,2017-07-01,357,71,33,45094866,0.7916643992245147,0.15744586091019763,0.07317906211319045
SP,2017,8,2017-08-01,316,81,54,45094866,0.7007449584172176,0.1796213342778311,0.11974755618522072
SP,2017,9,2017-09-01,764,107,47,45094866,1.6942061652871971,0.2372775650336781,0.1042247248278773
SP,2017,10,2017-10-01,868,127,49,45094866,1.9248310883105852,0.28162851176894504,0.108659819501404
SP,2017,11,2017-11-01,866,114,51,45094866,1.9203959936370585,0.25280039639102153,0.11309491417493069
SP,2017,12,2017-12-01,1016,131,57,45094866,2.2530280941515604,0.29049870111599846,0.12640019819551077
SP,2018,1,2018-01-01,1167,151,67,45538936,2.5626422189574214,0.3315843830870357,0.14712684547570457
SP,2018,2,2018-02-01,1265,147,28,45538936,2.777842679503974,0.32280069081982943,0.061485845870443694
SP,2018,3,2018-03-01,2242,158,24,45538936,4.923259515769099,0.3469558445546466,0.052702153603237455
SP,2018,4,2018-04-01,2261,138,22,45538936,4.964982054038329,0.3030373832186154,0.048310307469634335
SP,2018,5,2018-05-01,2110,119,38,45538936,4.633397670951293,0.2613148449493857,0.08344507653845931
SP,2018,6,2018-06-01,1303,71,31,45538936,2.8612877560424335,0.1559105377429108,0.06807361507084839
SP,2018,7,2018-07-01,703,93,23,45538936,1.5437339159614971,0.20422084521254513,0.050506230536435895
SP,2018,8,2018-08-01,509,132,47,45538936,1.1177248410019944,0.289861844817806,0.10320838413967334
SP,2018,9,2018-09-01,538,89,30,45538936,1.1814066099392397,0.1954371529453389,0.06587769200404682
SP,2018,10,2018-10-01,672,107,45,45538936,1.4756603008906488,0.23496376814776698,0.09881653800607024
SP,2018,11,2018-11-01,1420,101,21,45538936,3.1182107548582163,0.22178822974695764,0.046114384402832775
SP,2018,12,2018-12-01,4071,131,14,45538936,8.939602804949155,0.2876659217510044,0.030742922935221847
SP,2019,1,2019-01-01,17044,230,40,45919049,37.11749343937851,0.5008814533593673,0.08710981797554214
SP,2019,2,2019-02-01,44787,480,27,45919049,97.53468544176513,1.0453178157065057,0.05879912713349094
SP,2019,3,2019-03-01,75475,514,21,45919049,164.36533779260108,1.1193611609857164,0.04573265443715962
SP,2019,4,2019-04-01,104678,714,36,45919049,227.962038151095,1.5549102508634272,0.07839883617798792
SP,2019,5,2019-05-01,113546,698,23,45919049,247.2742847962727,1.5200663236732102,0.05008814533593673
SP,2019,6,2019-06-01,54679,275,52,45919049,119.07694342711672,0.5988799985818521,0.11324276336820478
SP,2019,7,2019-07-01,10997,143,31,45919049,23.94866670692592,0.3114175992625631,0.06751010893104514
SP,2019,8,2019-08-01,5162,101,33,45919049,11.241522009743711,0.2199522903882439,0.07186559982982225
SP,2019,9,2019-09-01,2644,69,25,45919049,5.757958968183335,0.15026443600781017,0.054443636234713835
SP,2019,10,2019-10-01,2820,77,12,45919049,6.1412421672757205,0.16768639960291862,0.02613294539266264
SP,2019,11,2019-11-01,4997,71,10,45919049,10.882194010594601,0.15461992690658727,0.021777454493885535
SP,2019,12,2019-12-01,6190,80,5,45919049,13.480244331715147,0.17421963595108428,0.010888727246942767
SP,2020,1,2020-01-01,26937,188,14,46289333,58.192672596945826,0.406141086543632,0.030244548997930044
SP,2020,2,2020-02-01,69155,245,7,46289333,149.3972704251323,0.5292796074637757,0.015122274498965022
SP,2020,3,2020-03-01,43912,296,15,46289333,94.864188256936,0.639456178813378,0.03240487392635362
SP,2020,4,2020-04-01,29833,108,28,46289333,64.4489735896605,0.23331509226974606,0.06048909799586009
SP,2020,5,2020-05-01,20435,80,33,46289333,44.14623991233574,0.17282599427388595,0.07129072263797795
SP,2020,6,2020-06-01,5969,46,39,46289333,12.894979497760314,0.09937494670748441,0.0842526722085194
SP,2020,7,2020-07-01,2925,37,23,46289333,6.318950415638955,0.07993202235167225,0.049687473353742205
SP,2020,8,2020-08-01,1987,29,26,46289333,4.2925656327776425,0.06264942292428366,0.056168448139012936
SP,2020,9,2020-09-01,1290,35,11,46289333,2.786819157666411,0.07561137249482511,0.02376357421265932
SP,2020,10,2020-10-01,1429,29,9,46289333,3.0871043227172876,0.06264942292428366,0.019442924355812168
SP,2020,11,2020-11-01,1141,28,19,46289333,2.464930743331298,0.06048909799586009,0.04104617364004791
SP,2020,12,2020-12-01,1497,38,35,46289333,3.2340064178500914,0.08209234728009582,0.07561137249482511
SP,2021,1,2021-01-01,5647,44,271,46649132,12.105262751727084,0.09432115478590256,0.5809325669768088
SP,2021,2,2021-02-01,18128,100,1201,46649132,38.86031577179185,0.21436626087705127,2.5745387931333856
SP,2021,3,2021-03-01,30701,121,3538,46649132,65.81258575186351,0.25938317566123203,7.584278309830073
SP,2021,4,2021-04-01,46235,189,4147,46649132,99.11224071650466,0.40515223305762693,8.889768838571316
SP,2021,5,2021-05-01,33244,152,2253,46649132,71.26391976596692,0.3258367165331179,4.829671857559965
SP,2021,6,2021-06-01,9405,68,863,46649132,20.161146835486672,0.14576905739639484,1.8499808313689525
SP,2021,7,2021-07-01,3358,59,314,46649132,7.198419040251382,0.12647609391746026,0.673110059153941
SP,2021,8,2021-08-01,1432,36,96,46649132,3.069724855759374,0.07717185391573846,0.2057916104419692
SP,2021,9,2021-09-01,1267,31,52,46649132,2.7160205253122394,0.06645354087188589,0.11147045565606664
SP,2021,10,2021-10-01,1486,42,32,46649132,3.185482636632982,0.09003382956836153,0.0685972034806564
SP,2021,11,2021-11-01,1796,60,46,46649132,3.850018045351841,0.12861975652623076,0.09860848000344358
SP,2021,12,2021-12-01,4152,60,43,46649132,8.900487151615168,0.12861975652623076,0.09217749217713204
SP,2022,1,2022-01-01,6887,80,61,46649132,14.76340438660252,0.171493008701641,0.13076341913500128
SP,2022,2,2022-02-01,14372,94,77,46649132,30.80871901324981,0.2015042852244282,0.16506202087532948
SP,2022,3,2022-03-01,50970,110,124,46649132,109.26248316903303,0.2358028869647564,0.26581416348754355
SP,2022,4,2022-04-01,128987,199,126,46649132,276.5046089174821,0.426588859145332,0.2701014887050846
SP,2022,5,2022-05-01,89702,187,185,46649132,192.29082333193253,0.4008649078400859,0.39657758262254483
SP,2022,6,2022-06-01,26820,83,119,46649132,57.49303116722515,0.17792399652795254,0.255095850443691
SP,2022,7,2022-07-01,13056,63,76,46649132,27.987659020107813,0.1350507443525423,0.16291835826655895
SP,2022,8,2022-08-01,5174,56,96,46649132,11.091310337778632,0.1200451060911487,0.2057916104419692
SP,2022,9,2022-09-01,2995,56,44,46649132,6.420269513267685,0.1200451060911487,0.09432115478590256
SP,2022,10,2022-10-01,3411,56,37,46649132,7.312033158516219,0.1200451060911487,0.07931551652450897
SP,2022,11,2022-11-01,3116,51,44,46649132,6.679652688928917,0.10932679304729614,0.09432115478590256
SP,2022,12,2022-12-01,4889,69,58,46649132,10.480366494279036,0.14791272000516537,0.12433243130868973
SP,2023,1,2023-01-01,12515,61,175,46649132,26.827937548762968,0.13076341913500128,0.3751409565348397
SP,2023,2,2023-02-01,32766,118,213,46649132,70.23924903897462,0.2529521878349205,0.4566001356681192
SP,2023,3,2023-03-01,70189,172,357,46649132,150.46153484699352,0.3687099687085282,0.7652875513310731
SP,2023,4,2023-04-01,116249,134,420,46649132,249.19863460696334,0.2872507895752487,0.9003382956836152
SP,2023,5,2023-05-01,57297,131,472,46649132,122.82543649472406,0.28081980174893717,1.011808751339682
SP,2023,6,2023-06-01,16672,67,167,46649132,35.73914301342198,0.14362539478762434,0.3579916556646756
SP,2023,7,2023-07-01,5902,54,66,46649132,12.651896716963567,0.11575778087360768,0.14148173217885385
SP,2023,8,2023-08-01,2832,53,36,46649132,6.070852508038092,0.11361411826483717,0.07717185391573846
SP,2023,9,2023-09-01,3399,54,32,46649132,7.286309207210973,0.11575778087360768,0.0685972034806564
SP,2023,10,2023-10-01,3342,64,27,46649132,7.164120438511054,0.1371944069613128,0.05787889043680384
SP,2023,11,2023-11-01,4638,72,52,46649132,9.942307179477638,0.1543437078314769,0.11147045565606664
SP,2023,12,2023-12-01,10962,65,306,46649132,23.498829517342358,0.13933806957008332,0.6559607582837769
SP,2024,1,2024-01-01,45014,88,715,45973194,97.91357981348871,0.1914158933573334,1.5552541335283339
SP,2024,2,2024-02-01,145942,258,719,45973194,317.45020804949945,0.5611965964340002,1.5639548559536673
SP,2024,3,2024-03-01,489474,241,1236,45973194,1064.6943521044025,0.5242185261263335,2.688523229428001
SP,2024,4,2024-04-01,568603,290,1106,45973194,1236.8142183029527,0.6308023758366669,2.4057497506046674
SP,2024,5,2024-05-01,550585,267,1427,45973194,1197.6218141380389,0.5807732218910002,3.103982725237668
SP,2024,6,2024-06-01,227122,163,1000,45973194,494.03136967163954,0.35455443883233345,2.1751806063333343
SP,2024,7,2024-07-01,48094,107,627,45973194,104.61313608099537,0.23274432487766675,1.3638382401710005
SP,2024,8,2024-08-01,26798,98,323,45973194,58.29048988852069,0.21316769942066677,0.7025833358456669
SP,2024,9,2024-09-01,14319,116,171,45973194,31.146411102087015,0.2523209503346668,0.37195588368300014
SP,2024,10,2024-10-01,12689,106,193,45973194,27.600866713763676,0.23056914427133343,0.4198098570223335
SP,2024,11,2024-11-01,20139,97,297,45973194,43.80596223094702,0.21099251881433342,0.6460286400810002
SP,2024,12,2024-12-01,30014,163,379,45973194,65.2858707184887,0.35455443883233345,0.8243934498003337
SP,2025,1,2025-01-01,93473,373,590,46081801,202.841464464464,0.8094301696237958,1.2803319036944758
SP,2025,2,2025-02-01,153198,337,0,46081801,332.4479440376039,0.7313082229576922,0
SP,2025,3,2025-03-01,266830,404,0,46081801,579.0355285810118,0.8767018459196071,0
SP,2025,4,2025-04-01,167454,316,0,46081801,363.384234917381,0.685737087402465,0
SP,2025,5,2025-05-01,40542,178,0,46081801,87.97833227047701,0.38626962518240116,0
SP,2025,6,2025-06-01,0,65,0,46081801,0,0.1410535148137982,0
SP,2025,7,2025-07-01,0,66,0,46081801,0,0.14322356888785662,0
SP,2025,8,2025-08-01,0,48,0,46081801,0,0.10416259555480481,0
SP,2025,9,2025-09-01,0,61,0,46081801,0,0.13237329851756446,0
SP,2025,10,2025-10-01,0,52,0,46081801,0,0.11284281185103855,0
SP,2025,11,2025-11-01,0,64,0,46081801,0,0.13888346073973976,0
SP,2025,12,2025-12-01,0,40,0,46081801,0,0.08680216296233735,0
TO,2016,1,2016-01-01,1659,280,20,1532902,108.22609664544765,18.266007872649393,1.3047148480463853
TO,2016,2,2016-02-01,2095,1981,17,1532902,136.66888033285886,129.23200569899444,1.1090076208394275
TO,2016,3,2016-03-01,1278,2025,32,1532902,83.37127879016401,132.1023783646965,2.0875437568742163
TO,2016,4,2016-04-01,1117,795,55,1532902,72.86832426339062,51.86241520984381,3.5879658321275594
TO,2016,5,2016-05-01,729,581,106,1532902,47.55685621129074,37.901966335747495,6.914988694645841
TO,2016,6,2016-06-01,319,314,164,1532902,20.810201826339842,20.48402311432825,10.698661753980359
TO,2016,7,2016-07-01,152,83,21,1532902,9.915832845152527,5.414566619392499,1.3699505904487046
TO,2016,8,2016-08-01,73,58,9,1532902,4.762209195369306,3.7836730593345167,0.5871216816208733
TO,2016,9,2016-09-01,57,32,8,1532902,3.7184373169321976,2.0875437568742163,0.5218859392185541
TO,2016,10,2016-10-01,86,22,9,1532902,5.610273846599457,1.4351863328510237,0.5871216816208733
TO,2016,11,2016-11-01,133,51,6,1532902,8.676353739508462,3.3270228625182825,0.3914144544139156
TO,2016,12,2016-12-01,198,54,5,1532902,12.916676995659214,3.52273008972524,0.3261787120115963
TO,2017,1,2017-01-01,504,204,44,1550194,32.51205978090484,13.159643244651958,2.8383544253170894
TO,2017,2,2017-02-01,777,421,176,1550194,50.12275882889496,27.157891205874876,11.353417701268357
TO,2017,3,2017-03-01,835,532,301,1550194,53.86422602590386,34.31828532428844,19.416924591373725
TO,2017,4,2017-04-01,1017,497,315,1550194,65.60469205789727,32.060503395058944,20.320037363065527
TO,2017,5,2017-05-01,739,731,494,1550194,47.67145273430293,47.15538829333619,31.866979229696415
TO,2017,6,2017-06-01,366,395,376,1550194,23.609948174228514,25.480681772732957,24.255028725436944
TO,2017,7,2017-07-01,187,134,136,1550194,12.06300630759763,8.644079386192955,8.77309549643464
TO,2017,8,2017-08-01,108,139,61,1550194,6.966869953051038,8.96661966179717,3.9349913623714192
TO,2017,9,2017-09-01,77,44,13,1550194,4.9671202443049065,2.8383544253170894,0.8386047165709583
TO,2017,10,2017-10-01,86,46,9,1550194,5.547692740392493,2.9673705355587754,0.5805724960875864
TO,2017,11,2017-11-01,85,64,15,1550194,5.48318468527165,4.128515527733948,0.967620826812644
TO,2017,12,2017-12-01,132,52,9,1550194,8.515063275951269,3.354418866283833,0.5805724960875864
TO,2018,1,2018-01-01,157,84,10,1555229,10.094976366824435,5.401133852313711,0.6429921252754417
TO,2018,2,2018-02-01,154,65,7,1555229,9.902078729241802,4.179448814290372,0.45009448769280924
TO,2018,3,2018-03-01,309,87,10,1555229,19.86845667101115,5.594031489896343,0.6429921252754417
TO,2018,4,2018-04-01,398,144,5,1555229,25.591086585962586,9.259086603966361,0.32149606263772085
TO,2018,5,2018-05-01,340,134,2,1555229,21.86173225936502,8.616094478690918,0.12859842505508834
TO,2018,6,2018-06-01,162,70,5,1555229,10.416472429462157,4.500944876928092,0.32149606263772085
TO,2018,7,2018-07-01,51,39,5,1555229,3.279259838904753,2.507669288574223,0.32149606263772085
TO,2018,8,2018-08-01,61,61,12,1555229,3.9222519641801945,3.9222519641801945,0.77159055033053
TO,2018,9,2018-09-01,61,50,4,1555229,3.9222519641801945,3.214960626377209,0.2571968501101767
TO,2018,10,2018-10-01,66,74,3,1555229,4.243748026817916,4.758141727038269,0.1928976375826325
TO,2018,11,2018-11-01,235,139,2,1555229,15.11031494397288,8.93759054132864,0.12859842505508834
TO,2018,12,2018-12-01,821,377,1,1555229,52.78965348511377,24.240803122884152,0.06429921252754417
TO,2019,1,2019-01-01,2075,574,0,1572866,131.92477935183288,36.49389077009739,0
TO,2019,2,2019-02-01,2972,770,0,1572866,188.95443095597463,48.9552193257404,0
TO,2019,3,2019-03-01,3080,380,0,1572866,195.8208773029616,24.15971862828747,0
TO,2019,4,2019-04-01,2328,262,0,1572866,148.01006570171901,16.657490212135045,0
TO,2019,5,2019-05-01,1686,182,0,1572866,107.1928568612965,11.571233658811368,0
TO,2019,6,2019-06-01,760,78,3,1572866,48.31943725657494,4.959100139490586,0.19073462074963793
TO,2019,7,2019-07-01,119,42,0,1572866,7.565806623068972,2.670284690494931,0
TO,2019,8,2019-08-01,92,21,0,1572866,5.84919503632223,1.3351423452474656,0
TO,2019,9,2019-09-01,52,18,2,1572866,3.3060667596603905,1.1444077244978277,0.12715641383309195
TO,2019,10,2019-10-01,92,32,0,1572866,5.84919503632223,2.0345026213294712,0
TO,2019,11,2019-11-01,263,40,1,1572866,16.72106841905159,2.543128276661839,0.06357820691654598
TO,2019,12,2019-12-01,220,55,2,1572866,13.987205521640114,3.4968013804100284,0.12715641383309195
TO,2020,1,2020-01-01,238,51,2,1590248,14.966219105447705,3.207046951167365,0.12576654710460256
TO,2020,2,2020-02-01,443,37,6,1590248,27.857290183669466,2.326681121435147,0.37729964131380767
TO,2020,3,2020-03-01,360,48,3,1590248,22.637978478828458,3.0183971305104613,0.18864982065690383
TO,2020,4,2020-04-01,211,40,2,1590248,13.26837071953557,2.515330942092051,0.12576654710460256
TO,2020,5,2020-05-01,210,32,2,1590248,13.20548744598327,2.012264753673641,0.12576654710460256
TO,2020,6,2020-06-01,133,23,1,1590248,8.36347538245607,1.4463152917029294,0.06288327355230128
TO,2020,7,2020-07-01,112,19,1,1590248,7.042926637857742,1.1947821974937243,0.06288327355230128
TO,2020,8,2020-08-01,74,11,1,1590248,4.653362242870294,0.691716009075314,0.06288327355230128
TO,2020,9,2020-09-01,37,15,1,1590248,2.326681121435147,0.9432491032845192,0.06288327355230128
TO,2020,10,2020-10-01,30,17,0,1590248,1.8864982065690383,1.0690156503891217,0
TO,2020,11,2020-11-01,29,11,0,1590248,1.8236149330167373,0.691716009075314,0
TO,2020,12,2020-12-01,39,17,4,1590248,2.45244766853975,1.0690156503891217,0.2515330942092051
TO,2021,1,2021-01-01,47,24,6,1607363,2.9240439154067874,1.4931288078672957,0.37328220196682393
TO,2021,2,2021-02-01,150,37,3,1607363,9.332055049170599,2.3019069121287474,0.18664110098341197
TO,2021,3,2021-03-01,227,42,9,1607363,14.122509974411505,2.612975413767767,0.559923302950236
TO,2021,4,2021-04-01,390,46,15,1607363,24.263343127843555,2.8618302150789834,0.9332055049170598
TO,2021,5,2021-05-01,617,59,19,1607363,38.385853102255055,3.670608319340435,1.1820603062282757
TO,2021,6,2021-06-01,514,63,26,1607363,31.977841968491248,3.919463120651651,1.6175562085229036
TO,2021,7,2021-07-01,420,49,24,1607363,26.129754137677676,3.0484713160623955,1.4931288078672957
TO,2021,8,2021-08-01,280,56,17,1607363,17.419836091785115,3.4839672183570234,1.0576329055726676
TO,2021,9,2021-09-01,246,33,7,1607363,15.30457028063978,2.0530521108175317,0.4354959022946279
TO,2021,10,2021-10-01,408,33,4,1607363,25.38318973374403,2.0530521108175317,0.24885480131121593
TO,2021,11,2021-11-01,1287,98,6,1607363,80.069032321883725,6.096942632124791,0.37328220196682393
TO,2021,12,2021-12-01,4274,248,29,1607363,265.9013552010342,15.42899768129539,1.8041973095063155
TO,2022,1,2022-01-01,4299,234,145,1607363,267.45669770922933,14.558005876706133,9.020986547531578
TO,2022,2,2022-02-01,3590,198,168,1607363,223.34718417681634,12.31831266490519,10.451901655071069
TO,2022,3,2022-03-01,2500,188,305,1607363,155.53425081950996,11.69617566162715,18.975178599980214
TO,2022,4,2022-04-01,3577,296,633,1607363,222.53840607255486,18.41525529702998,39.38127230749993
TO,2022,5,2022-05-01,2599,521,717,1607363,161.69340715196256,32.41333787078588,44.60722313503546
TO,2022,6,2022-06-01,1571,359,553,1607363,97.73772321498006,22.334718417681632,34.4041762812756
TO,2022,7,2022-07-01,899,149,212,1607363,55.93011659469579,9.269841348842794,13.189304469494445
TO,2022,8,2022-08-01,382,80,95,1607363,23.765633525221123,4.977096026224319,5.9103015311413785
TO,2022,9,2022-09-01,231,35,40,1607363,14.371364775722721,2.1774795114731393,2.4885480131121596
TO,2022,10,2022-10-01,255,40,20,1607363,15.864493583590017,2.4885480131121596,1.2442740065560798
TO,2022,11,2022-11-01,309,48,12,1607363,19.224033401291432,2.9862576157345915,0.7465644039336479
TO,2022,12,2022-12-01,495,77,34,1607363,30.795781662262975,4.790454925240907,2.1152658111453353
TO,2023,1,2023-01-01,362,382,443,1607363,22.521359518665044,23.765633525221123,27.56066924521717
TO,2023,2,2023-02-01,439,704,797,1607363,27.31181444390595,43.79844503077401,49.58431916125978
TO,2023,3,2023-03-01,496,751,516,1607363,30.85799536259078,46.722488946180796,32.10226936914686
TO,2023,4,2023-04-01,821,540,415,1607363,51.07744796912707,33.595398177014154,25.818685636038655
TO,2023,5,2023-05-01,433,256,287,1607363,26.93853224193913,15.92670728391782,17.855331994079744
TO,2023,6,2023-06-01,230,125,109,1607363,14.309151075394917,7.776712540975499,6.781293335730634
TO,2023,7,2023-07-01,112,77,30,1607363,6.967934436714047,4.790454925240907,1.8664110098341196
TO,2023,8,2023-08-01,68,52,6,1607363,4.230531622290671,3.235112417045807,0.37328220196682393
TO,2023,9,2023-09-01,56,44,0,1607363,3.4839672183570234,2.7374028144233757,0
TO,2023,10,2023-10-01,42,43,0,1607363,2.612975413767767,2.6751891140955713,0
TO,2023,11,2023-11-01,84,49,1,1607363,5.225950827535534,3.0484713160623955,0.06221370032780398
TO,2023,12,2023-12-01,102,57,4,1607363,6.345797433436007,3.546180918684827,0.24885480131121593
TO,2024,1,2024-01-01,173,117,19,1577342,10.967818012834249,7.417541661859001,1.2045580476523163
TO,2024,2,2024-02-01,446,294,54,1577342,28.275415223838582,18.63895084262005,3.4234807670118466
TO,2024,3,2024-03-01,1135,342,98,1577342,71.95649389923048,21.682044857741694,6.212983614206684
TO,2024,4,2024-04-01,1100,578,110,1577342,69.73757117987094,36.6439237654231,6.973757117987095
TO,2024,5,2024-05-01,767,288,114,1577342,48.62610644996456,18.25856409072985,7.227348285913897
TO,2024,6,2024-06-01,359,111,53,1577342,22.75980732143061,7.037154909968796,3.3600829750301457
TO,2024,7,2024-07-01,74,55,21,1577342,4.691436606645864,3.4868785589935474,1.3313536316157182
TO,2024,8,2024-08-01,51,42,7,1577342,3.2332873910667437,2.6627072632314364,0.4437845438719061
TO,2024,9,2024-09-01,36,35,4,1577342,2.282320511341231,2.2189227193595302,0.2535911679268035
TO,2024,10,2024-10-01,28,31,6,1577342,1.7751381754876243,1.9653315514327268,0.38038675189020515
TO,2024,11,2024-11-01,66,43,5,1577342,4.184254270792257,2.726105055213137,0.3169889599085043
TO,2024,12,2024-12-01,69,36,5,1577342,4.37444764673736,2.282320511341231,0.3169889599085043
TO,2025,1,2025-01-01,231,77,10,1586859,14.557058944745563,4.852352981581855,0.6301757118937473
TO,2025,2,2025-02-01,454,92,0,1586859,28.609977319976128,5.797616549422476,0
TO,2025,3,2025-03-01,501,91,0,1586859,31.57180316587674,5.734598978233101,0
TO,2025,4,2025-04-01,919,93,0,1586859,57.91314792303538,5.86063412061185,0
TO,2025,5,2025-05-01,697,102,0,1586859,43.92324711899419,6.427792261316223,0
TO,2025,6,2025-06-01,0,63,0,1586859,0,3.970106984930608,0
TO,2025,7,2025-07-01,0,41,0,1586859,0,2.583720418764364,0
TO,2025,8,2025-08-01,0,33,0,1586859,0,2.0795798492493662,0
TO,2025,9,2025-09-01,0,26,0,1586859,0,1.638456850923743,0
TO,2025,10,2025-10-01,0,34,0,1586859,0,2.142597420438741,0
TO,2025,11,2025-11-01,0,36,0,1586859,0,2.2686325628174906,0
TO,2025,12,2025-12-01,0,48,0,1586859,0,3.024843417089987,0
